,date,temp,precipitation,windspeed
0,1950-01-01,,7.02,
1,1950-02-01,,4.646,
2,1950-03-01,,4.268,
3,1950-04-01,,5.909,
4,1950-05-01,,3.217,
5,1950-06-01,,3.772,
6,1950-07-01,,5.157,
7,1950-08-01,,1.811,
8,1950-09-01,,3.839,
9,1950-10-01,,1.728,
10,1950-11-01,,6.449,
11,1950-12-01,,2.606,
12,1951-01-01,,3.724,
13,1951-02-01,,3.795,
14,1951-03-01,,4.807,
15,1951-04-01,,2.693,
16,1951-05-01,,2.602,
17,1951-06-01,,3.248,
18,1951-07-01,,3.469,
19,1951-08-01,,2.429,
20,1951-09-01,,4.492,
21,1951-10-01,,1.531,
22,1951-11-01,,5.85,
23,1951-12-01,,5.602,
24,1952-01-01,,5.024,
25,1952-02-01,,2.193,
26,1952-03-01,,3.287,
27,1952-04-01,,3.815,
28,1952-05-01,,2.74,
29,1952-06-01,,1.48,
30,1952-07-01,,1.232,
31,1952-08-01,,1.984,
32,1952-09-01,,3.028,
33,1952-10-01,,0.61,
34,1952-11-01,,2.496,
35,1952-12-01,,2.701,
36,1953-01-01,,4.035,
37,1953-02-01,,1.224,
38,1953-03-01,,2.055,
39,1953-04-01,,2.827,
40,1953-05-01,,4.004,
41,1953-06-01,,3.307,
42,1953-07-01,,3.083,
43,1953-08-01,,3.866,
44,1953-09-01,,1.571,
45,1953-10-01,,1.287,
46,1953-11-01,,2.327,
47,1953-12-01,,2.626,
48,1954-01-01,,3.122,
49,1954-02-01,,2.89,
50,1954-03-01,,6.079,
51,1954-04-01,,5.366,
52,1954-05-01,,1.047,
53,1954-06-01,,1.386,
54,1954-07-01,,1.492,
55,1954-08-01,,3.157,
56,1954-09-01,,1.984,
57,1954-10-01,,9.488,
58,1954-11-01,,1.343,
59,1954-12-01,,2.335,
60,1955-01-01,,2.228,
61,1955-02-01,,2.693,
62,1955-03-01,,5.587,
63,1955-04-01,,3.724,
64,1955-05-01,,5.008,
65,1955-06-01,,2.681,
66,1955-07-01,,2.508,
67,1955-08-01,,3.819,
68,1955-09-01,,1.61,
69,1955-10-01,,5.886,
70,1955-11-01,,2.874,
71,1955-12-01,,0.969,
72,1956-01-01,,2.76,
73,1956-02-01,,3.224,
74,1956-03-01,,4.61,
75,1956-04-01,,3.614,
76,1956-05-01,,5.488,
77,1956-06-01,,4.142,
78,1956-07-01,,3.748,
79,1956-08-01,,5.146,
80,1956-09-01,,1.559,
81,1956-10-01,,0.854,
82,1956-11-01,,1.15,
83,1956-12-01,,2.713,
84,1957-01-01,,2.035,
85,1957-02-01,,1.406,
86,1957-03-01,,1.508,
87,1957-04-01,,5.787,
88,1957-05-01,,4.602,
89,1957-06-01,,5.846,
90,1957-07-01,,3.252,
91,1957-08-01,,2.311,
92,1957-09-01,,2.622,
93,1957-10-01,,2.638,
94,1957-11-01,,2.268,
95,1957-12-01,,3.382,
96,1958-01-01,,1.492,
97,1958-02-01,,0.969,
98,1958-03-01,,0.783,
99,1958-04-01,,3.311,
100,1958-05-01,,2.138,
101,1958-06-01,,4.669,
102,1958-07-01,,4.819,
103,1958-08-01,,3.98,
104,1958-09-01,,3.626,
105,1958-10-01,,1.63,
106,1958-11-01,,4.76,
107,1958-12-01,,0.713,
108,1959-01-01,,4.622,
109,1959-02-01,,4.236,
110,1959-03-01,,2.142,
111,1959-04-01,,4.701,
112,1959-05-01,,4.713,
113,1959-06-01,,1.823,
114,1959-07-01,,4.323,
115,1959-08-01,,1.858,
116,1959-09-01,,3.075,
117,1959-10-01,,3.567,
118,1959-11-01,,2.961,
119,1959-12-01,,2.398,
120,1960-01-01,,2.339,
121,1960-02-01,,1.874,
122,1960-03-01,,2.063,
123,1960-04-01,,2.783,
124,1960-05-01,,3.563,
125,1960-06-01,,3.008,
126,1960-07-01,,3.331,
127,1960-08-01,,6.953,
128,1960-09-01,,1.843,
129,1960-10-01,,1.02,
130,1960-11-01,,2.079,
131,1960-12-01,,1.091,
132,1961-01-01,,0.366,
133,1961-02-01,,3.232,
134,1961-03-01,,3.205,
135,1961-04-01,,6.61,
136,1961-05-01,,1.311,
137,1961-06-01,,2.949,
138,1961-07-01,,4.303,
139,1961-08-01,,4.276,
140,1961-09-01,,2.358,
141,1961-10-01,,2.154,
142,1961-11-01,,2.78,
143,1961-12-01,,1.843,
144,1962-01-01,,2.831,
145,1962-02-01,,1.858,
146,1962-03-01,,1.732,
147,1962-04-01,,1.78,
148,1962-05-01,,1.913,
149,1962-06-01,,2.949,
150,1962-07-01,,3.425,
151,1962-08-01,,1.303,
152,1962-09-01,,4.394,
153,1962-10-01,,3.598,
154,1962-11-01,,2.772,
155,1962-12-01,,3.055,
156,1963-01-01,,1.063,
157,1963-02-01,,0.732,
158,1963-03-01,,2.839,
159,1963-04-01,,2.409,
160,1963-05-01,,1.0,
161,1963-06-01,,1.937,
162,1963-07-01,,1.886,
163,1963-08-01,,1.705,
164,1963-09-01,,1.996,
165,1963-10-01,,0.709,
166,1963-11-01,,1.339,
167,1963-12-01,,1.055,
168,1964-01-01,,1.465,
169,1964-02-01,,1.5,
170,1964-03-01,,5.213,
171,1964-04-01,,4.874,
172,1964-05-01,,3.016,
173,1964-06-01,,2.063,
174,1964-07-01,,3.37,
175,1964-08-01,,3.823,
176,1964-09-01,,0.74,
177,1964-10-01,,1.791,
178,1964-11-01,,0.929,
179,1964-12-01,,2.673,
180,1965-01-01,,4.457,
181,1965-02-01,,3.004,
182,1965-03-01,,1.657,
183,1965-04-01,,1.839,
184,1965-05-01,,2.295,
185,1965-06-01,,3.055,
186,1965-07-01,,3.012,
187,1965-08-01,,3.579,
188,1965-09-01,,2.524,
189,1965-10-01,,2.547,
190,1965-11-01,,1.89,
191,1965-12-01,,2.079,
192,1966-01-01,,1.531,
193,1966-02-01,,2.323,
194,1966-03-01,,2.26,
195,1966-04-01,,3.606,
196,1966-05-01,,2.209,
197,1966-06-01,,1.827,
198,1966-07-01,,3.89,
199,1966-08-01,,3.484,
200,1966-09-01,,1.669,
201,1966-10-01,,1.185,
202,1966-11-01,,5.165,
203,1966-12-01,,2.839,
204,1967-01-01,,0.98,
205,1967-02-01,,2.362,
206,1967-03-01,,2.083,
207,1967-04-01,,3.126,
208,1967-05-01,,3.819,
209,1967-06-01,,1.173,
210,1967-07-01,,1.906,
211,1967-08-01,,1.85,
212,1967-09-01,,2.075,
213,1967-10-01,,2.118,
214,1967-11-01,,2.882,
215,1967-12-01,,2.469,
216,1968-01-01,,3.276,
217,1968-02-01,,0.795,
218,1968-03-01,,2.075,
219,1968-04-01,,2.252,
220,1968-05-01,,4.083,
221,1968-06-01,,2.323,
222,1968-07-01,,3.587,
223,1968-08-01,,1.823,
224,1968-09-01,,3.354,
225,1968-10-01,,2.906,
226,1968-11-01,,4.35,
227,1968-12-01,,3.945,
228,1969-01-01,,2.854,
229,1969-02-01,,0.752,
230,1969-03-01,,1.819,
231,1969-04-01,,4.488,
232,1969-05-01,,5.732,
233,1969-06-01,,4.61,
234,1969-07-01,,6.469,
235,1969-08-01,,0.528,
236,1969-09-01,,4.917,
237,1969-10-01,,1.906,
238,1969-11-01,,2.866,
239,1969-12-01,,2.472,
240,1970-01-01,,1.287,
241,1970-02-01,,1.354,
242,1970-03-01,,2.327,
243,1970-04-01,,2.642,
244,1970-05-01,,2.957,
245,1970-06-01,,4.98,
246,1970-07-01,,4.146,
247,1970-08-01,,0.921,
248,1970-09-01,,3.161,
249,1970-10-01,,3.976,
250,1970-11-01,,3.693,
251,1970-12-01,,2.252,
252,1971-01-01,,1.354,
253,1971-02-01,,3.693,
254,1971-03-01,,2.008,
255,1971-04-01,,1.24,
256,1971-05-01,,3.291,
257,1971-06-01,,3.787,
258,1971-07-01,,3.72,
259,1971-08-01,,0.909,
260,1971-09-01,,4.268,
261,1971-10-01,,1.61,
262,1971-11-01,,2.016,
263,1971-12-01,,3.909,
264,1972-01-01,,1.961,
265,1972-02-01,,2.024,
266,1972-03-01,,2.969,
267,1972-04-01,,3.398,
268,1972-05-01,,3.748,
269,1972-06-01,,9.071,
270,1972-07-01,,4.437,
271,1972-08-01,,6.386,
272,1972-09-01,,4.913,
273,1972-10-01,,1.65,
274,1972-11-01,,4.587,
275,1972-12-01,,3.268,
276,1973-01-01,30.2,1.63,12.9
277,1973-02-01,28.2,2.406,10.5
278,1973-03-01,46.4,3.488,11.3
279,1973-04-01,,3.402,
280,1973-05-01,56.1,4.799,10.0
281,1973-06-01,70.2,6.717,8.6
282,1973-07-01,72.7,2.945,8.1
283,1973-08-01,73.0,3.11,7.1
284,1973-09-01,66.6,2.693,7.6
285,1973-10-01,57.6,3.949,8.1
286,1973-11-01,45.0,2.622,11.8
287,1973-12-01,34.5,3.535,12.2
288,1974-01-01,,2.571,
289,1974-02-01,28.4,2.441,12.4
290,1974-03-01,39.4,3.89,12.6
291,1974-04-01,51.8,3.646,12.7
292,1974-05-01,56.8,4.776,10.4
293,1974-06-01,66.4,3.571,10.2
294,1974-07-01,73.0,1.902,8.5
295,1974-08-01,70.3,3.295,8.1
296,1974-09-01,60.1,3.063,9.3
297,1974-10-01,50.9,1.197,9.7
298,1974-11-01,42.8,4.72,11.1
299,1974-12-01,31.8,4.858,10.8
300,1975-01-01,31.8,3.059,13.0
301,1975-02-01,,3.205,
302,1975-03-01,34.3,3.469,11.8
303,1975-04-01,41.7,1.307,11.2
304,1975-05-01,63.0,3.24,8.3
305,1975-06-01,69.6,4.11,9.6
306,1975-07-01,71.6,2.539,7.5
307,1975-08-01,72.0,8.957,8.0
308,1975-09-01,58.6,3.354,8.7
309,1975-10-01,54.0,1.736,9.9
310,1975-11-01,46.9,2.091,11.7
311,1975-12-01,32.2,3.772,11.1
312,1976-01-01,21.9,3.394,13.1
313,1976-02-01,35.8,3.98,14.0
314,1976-03-01,44.8,3.114,13.9
315,1976-04-01,,2.169,
316,1976-05-01,55.9,2.937,10.3
317,1976-06-01,70.0,3.642,8.9
318,1976-07-01,71.8,3.476,8.7
319,1976-08-01,68.5,3.508,6.8
320,1976-09-01,61.2,3.709,8.7
321,1976-10-01,47.8,2.543,10.3
322,1976-11-01,33.4,0.807,10.9
323,1976-12-01,23.9,1.575,11.3
324,1977-01-01,11.5,1.299,12.4
325,1977-02-01,25.7,1.39,11.8
326,1977-03-01,42.3,4.496,11.6
327,1977-04-01,,3.567,
328,1977-05-01,62.4,1.02,8.4
329,1977-06-01,63.9,4.913,8.6
330,1977-07-01,73.4,3.949,9.0
331,1977-08-01,69.6,3.921,9.2
332,1977-09-01,65.7,2.524,9.3
333,1977-10-01,,1.929,10.4
334,1977-11-01,45.3,3.614,11.8
335,1977-12-01,29.3,3.52,13.5
336,1978-01-01,20.7,3.677,13.0
337,1978-02-01,16.9,0.484,8.3
338,1978-03-01,32.9,2.173,10.3
339,1978-04-01,,3.024,
340,1978-05-01,59.2,3.008,8.9
341,1978-06-01,69.3,3.307,8.9
342,1978-07-01,72.3,2.402,8.8
343,1978-08-01,72.7,3.583,8.0
344,1978-09-01,68.5,3.677,9.0
345,1978-10-01,52.3,3.236,10.1
346,1978-11-01,44.2,1.193,10.5
347,1978-12-01,33.3,2.961,13.5
348,1979-01-01,22.3,2.614,12.6
349,1979-02-01,19.4,2.74,11.8
350,1979-03-01,41.9,2.346,12.2
351,1979-04-01,,3.098,
352,1979-05-01,57.0,4.772,8.9
353,1979-06-01,66.9,3.48,9.6
354,1979-07-01,71.2,3.764,8.5
355,1979-08-01,70.9,4.469,9.6
356,1979-09-01,65.1,3.661,9.1
357,1979-10-01,52.0,1.799,12.1
358,1979-11-01,42.4,3.169,12.2
359,1979-12-01,33.8,4.012,12.9
360,1980-01-01,26.1,1.185,12.1
361,1980-02-01,22.5,1.268,10.9
362,1980-03-01,33.8,3.661,12.4
363,1980-04-01,,2.657,
364,1980-05-01,59.2,3.126,9.4
365,1980-06-01,64.4,2.689,9.4
366,1980-07-01,72.7,4.776,9.0
367,1980-08-01,73.0,4.382,9.4
368,1980-09-01,64.8,3.11,9.6
369,1980-10-01,48.0,2.398,11.1
370,1980-11-01,39.6,1.295,12.7
371,1980-12-01,28.9,2.102,11.7
372,1981-01-01,20.7,0.772,11.3
373,1981-02-01,31.3,2.728,13.6
374,1981-03-01,36.1,1.618,12.2
375,1981-04-01,,4.634,
376,1981-05-01,56.1,2.193,9.4
377,1981-06-01,69.1,4.685,10.4
378,1981-07-01,72.0,5.311,8.7
379,1981-08-01,70.0,2.618,8.7
380,1981-09-01,62.6,6.752,9.7
381,1981-10-01,50.4,2.331,10.5
382,1981-11-01,41.7,1.988,9.4
383,1981-12-01,30.9,3.449,10.4
384,1982-01-01,20.1,4.004,14.6
385,1982-02-01,25.3,1.409,10.9
386,1982-03-01,36.9,3.772,13.1
387,1982-04-01,,1.618,
388,1982-05-01,65.1,2.65,7.0
389,1982-06-01,64.8,5.008,9.0
390,1982-07-01,74.3,1.209,8.4
391,1982-08-01,68.9,2.661,8.5
392,1982-09-01,63.1,4.815,8.5
393,1982-10-01,55.0,0.933,10.0
394,1982-11-01,45.3,5.169,12.6
395,1982-12-01,40.8,3.689,13.2
396,1983-01-01,30.6,1.087,11.8
397,1983-02-01,33.3,0.78,9.3
398,1983-03-01,40.8,3.547,11.2
399,1983-04-01,,4.48,
400,1983-05-01,55.9,4.177,11.6
401,1983-06-01,69.4,3.449,7.8
402,1983-07-01,75.4,4.157,9.4
403,1983-08-01,74.1,3.154,8.3
404,1983-09-01,65.3,2.87,10.1
405,1983-10-01,53.6,4.138,10.5
406,1983-11-01,43.5,5.882,11.4
407,1983-12-01,23.2,2.929,13.0
408,1984-01-01,21.4,1.26,11.1
409,1984-02-01,34.3,3.823,11.7
410,1984-03-01,28.6,3.803,12.5
411,1984-04-01,,2.291,10.9
412,1984-05-01,54.5,5.957,10.5
413,1984-06-01,70.2,3.402,9.6
414,1984-07-01,69.4,3.35,7.7
415,1984-08-01,70.9,5.516,7.1
416,1984-09-01,61.0,2.437,8.8
417,1984-10-01,56.8,2.205,7.0
418,1984-11-01,40.6,3.949,11.4
419,1984-12-01,36.5,3.39,11.7
420,1985-01-01,21.4,1.783,12.5
421,1985-02-01,25.7,2.606,12.4
422,1985-03-01,40.1,4.972,12.9
423,1985-04-01,,1.386,11.4
424,1985-05-01,61.2,3.453,10.2
425,1985-06-01,63.9,2.929,9.0
426,1985-07-01,71.8,3.228,8.2
427,1985-08-01,68.9,4.016,7.6
428,1985-09-01,64.9,2.051,7.8
429,1985-10-01,54.1,3.453,8.8
430,1985-11-01,45.7,8.795,11.0
431,1985-12-01,24.4,2.626,12.7
432,1986-01-01,26.6,2.24,12.1
433,1986-02-01,28.0,3.087,9.9
434,1986-03-01,39.7,2.445,12.7
435,1986-04-01,,3.902,9.6
436,1986-05-01,61.3,4.346,9.1
437,1986-06-01,67.8,2.976,8.9
438,1986-07-01,73.8,3.106,8.1
439,1986-08-01,69.1,3.583,8.3
440,1986-09-01,66.9,6.413,9.2
441,1986-10-01,54.1,2.831,9.2
442,1986-11-01,40.5,3.012,10.1
443,1986-12-01,32.5,2.831,9.1
444,1987-01-01,27.9,1.98,9.8
445,1987-02-01,30.6,0.492,9.1
446,1987-03-01,39.0,3.843,10.2
447,1987-04-01,,2.972,10.3
448,1987-05-01,63.0,2.402,8.5
449,1987-06-01,70.3,7.945,8.5
450,1987-07-01,75.4,3.362,7.9
451,1987-08-01,70.9,5.512,8.1
452,1987-09-01,63.5,2.067,6.6
453,1987-10-01,47.5,3.417,8.3
454,1987-11-01,45.9,1.024,11.3
455,1987-12-01,34.9,2.957,11.4
456,1988-01-01,25.9,1.031,11.8
457,1988-02-01,26.1,2.843,11.9
458,1988-03-01,37.8,2.205,11.1
459,1988-04-01,,3.476,11.1
460,1988-05-01,60.4,1.331,9.1
461,1988-06-01,70.0,0.654,9.4
462,1988-07-01,76.3,3.421,7.1
463,1988-08-01,74.1,3.346,7.3
464,1988-09-01,64.2,1.776,8.8
465,1988-10-01,47.5,2.508,10.7
466,1988-11-01,44.1,4.634,12.2
467,1988-12-01,31.3,2.484,11.7
468,1989-01-01,34.9,2.067,11.7
469,1989-02-01,26.1,1.736,10.6
470,1989-03-01,37.6,3.465,10.5
471,1989-04-01,,3.732,9.1
472,1989-05-01,57.7,9.142,9.4
473,1989-06-01,68.0,5.22,7.1
474,1989-07-01,73.0,3.031,6.3
475,1989-08-01,71.1,1.22,7.8
476,1989-09-01,63.9,4.803,8.3
477,1989-10-01,53.8,3.622,9.1
478,1989-11-01,40.8,3.11,11.4
479,1989-12-01,19.8,1.614,9.8
480,1990-01-01,36.1,2.48,12.4
481,1990-02-01,34.3,4.764,11.2
482,1990-03-01,41.9,0.827,10.3
483,1990-04-01,,4.803,9.8
484,1990-05-01,56.7,6.26,10.1
485,1990-06-01,68.2,1.85,9.7
486,1990-07-01,71.6,5.433,8.8
487,1990-08-01,70.2,6.024,6.6
488,1990-09-01,64.0,8.937,7.8
489,1990-10-01,55.0,5.906,9.9
490,1990-11-01,45.9,2.441,9.8
491,1990-12-01,37.0,7.598,11.0
492,1991-01-01,28.2,2.193,10.1
493,1991-02-01,32.7,2.311,8.8
494,1991-03-01,41.5,4.016,11.7
495,1991-04-01,52.7,5.512,9.2
496,1991-05-01,67.5,3.24,8.5
497,1991-06-01,71.8,1.614,7.8
498,1991-07-01,75.4,2.047,8.3
499,1991-08-01,72.7,3.189,7.9
500,1991-09-01,65.7,3.465,8.5
501,1991-10-01,55.6,2.657,10.1
502,1991-11-01,41.2,3.661,11.9
503,1991-12-01,35.1,2.26,11.6
504,1992-01-01,30.7,3.701,10.3
505,1992-02-01,34.2,2.362,9.5
506,1992-03-01,37.4,3.543,8.3
507,1992-04-01,49.3,3.772,6.3
508,1992-05-01,59.2,3.008,6.9
509,1992-06-01,64.2,1.969,7.6
510,1992-07-01,71.4,10.394,8.5
511,1992-08-01,67.8,4.488,8.1
512,1992-09-01,64.8,1.929,9.0
513,1992-10-01,50.5,2.52,9.4
514,1992-11-01,43.0,6.85,10.9
515,1992-12-01,34.2,4.764,11.2
516,1993-01-01,33.1,5.118,11.2
517,1993-02-01,25.9,2.48,10.5
518,1993-03-01,33.4,3.898,10.4
519,1993-04-01,48.9,2.953,10.4
520,1993-05-01,60.1,1.693,9.6
521,1993-06-01,68.0,5.472,9.4
522,1993-07-01,75.0,2.52,8.4
523,1993-08-01,73.4,1.85,7.3
524,1993-09-01,63.1,6.654,8.3
525,1993-10-01,52.5,3.583,10.0
526,1993-11-01,41.9,4.528,10.7
527,1993-12-01,31.5,2.126,10.8
528,1994-01-01,19.8,2.598,11.8
529,1994-02-01,25.9,0.866,11.2
530,1994-03-01,36.0,1.378,9.9
531,1994-04-01,51.1,3.858,12.1
532,1994-05-01,55.6,1.457,9.6
533,1994-06-01,70.0,3.78,8.8
534,1994-07-01,73.2,2.638,8.6
535,1994-08-01,69.1,5.118,8.4
536,1994-09-01,64.4,2.244,8.3
537,1994-10-01,54.7,1.417,8.3
538,1994-11-01,48.2,3.307,12.0
539,1994-12-01,37.4,3.346,8.8
540,1995-01-01,30.6,5.945,11.1
541,1995-02-01,27.1,1.969,10.3
542,1995-03-01,41.7,2.008,9.1
543,1995-04-01,47.8,4.173,10.8
544,1995-05-01,60.3,4.291,9.8
545,1995-06-01,71.4,3.858,7.8
546,1995-07-01,75.6,4.094,8.3
547,1995-08-01,77.9,3.228,7.1
548,1995-09-01,64.2,1.063,8.3
549,1995-10-01,57.6,4.094,10.5
550,1995-11-01,38.7,3.976,12.2
551,1995-12-01,26.4,0.906,11.2
552,1996-01-01,26.1,1.693,12.9
553,1996-02-01,28.8,1.575,11.5
554,1996-03-01,31.6,1.969,11.4
555,1996-04-01,46.4,4.449,11.6
556,1996-05-01,57.4,1.969,9.8
557,1996-06-01,69.3,3.74,7.9
558,1996-07-01,70.5,2.835,8.6
559,1996-08-01,71.4,1.378,6.2
560,1996-09-01,64.0,11.102,9.4
561,1996-10-01,54.1,4.173,10.5
562,1996-11-01,36.5,4.213,9.8
563,1996-12-01,34.9,1.417,10.6
564,1997-01-01,25.3,1.811,13.2
565,1997-02-01,34.3,2.992,11.6
566,1997-03-01,39.0,3.11,12.6
567,1997-04-01,45.7,2.126,9.4
568,1997-05-01,53.2,3.78,11.6
569,1997-06-01,68.5,3.543,8.5
570,1997-07-01,71.4,1.496,7.8
571,1997-08-01,67.8,5.26,7.7
572,1997-09-01,63.0,4.256,8.6
573,1997-10-01,53.2,1.63,8.9
574,1997-11-01,39.6,2.587,10.3
575,1997-12-01,33.6,2.417,9.8
576,1998-01-01,35.2,3.929,9.8
577,1998-02-01,37.2,1.89,9.6
578,1998-03-01,41.4,3.26,12.1
579,1998-04-01,49.5,6.063,9.5
580,1998-05-01,64.6,1.925,8.1
581,1998-06-01,68.7,2.98,8.5
582,1998-07-01,71.6,2.72,7.6
583,1998-08-01,72.3,3.02,7.1
584,1998-09-01,67.3,1.201,8.1
585,1998-10-01,53.8,2.362,8.3
586,1998-11-01,45.1,1.594,10.9
587,1998-12-01,37.2,1.925,10.1
588,1999-01-01,27.3,3.638,12.2
589,1999-02-01,34.9,2.358,11.0
590,1999-03-01,34.7,1.646,11.5
591,1999-04-01,50.5,3.89,10.6
592,1999-05-01,61.3,1.547,9.1
593,1999-06-01,70.3,1.433,8.5
594,1999-07-01,76.5,4.665,8.4
595,1999-08-01,69.4,1.803,8.3
596,1999-09-01,65.1,1.941,8.1
597,1999-10-01,52.7,3.059,9.8
598,1999-11-01,46.0,3.311,10.6
599,1999-12-01,34.0,2.709,10.9
600,2000-01-01,27.0,2.642,11.4
601,2000-02-01,34.5,2.059,10.4
602,2000-03-01,43.3,1.575,10.7
603,2000-04-01,47.3,3.732,8.9
604,2000-05-01,61.7,5.465,9.6
605,2000-06-01,68.9,5.724,9.3
606,2000-07-01,68.4,2.579,7.5
607,2000-08-01,69.1,4.724,7.7
608,2000-09-01,63.3,3.295,9.5
609,2000-10-01,55.0,3.567,7.5
610,2000-11-01,39.9,2.551,10.1
611,2000-12-01,22.3,2.764,11.1
612,2001-01-01,27.9,1.594,9.9
613,2001-02-01,32.4,1.638,11.4
614,2001-03-01,34.2,2.425,10.3
615,2001-04-01,51.6,2.331,10.2
616,2001-05-01,60.3,3.839,8.9
617,2001-06-01,68.2,3.957,7.3
618,2001-07-01,72.1,0.685,8.2
619,2001-08-01,72.7,3.315,7.6
620,2001-09-01,61.5,3.898,8.6
621,2001-10-01,54.7,5.563,11.7
622,2001-11-01,48.9,2.618,10.0
623,2001-12-01,37.4,2.535,10.6
624,2002-01-01,34.9,2.209,11.0
625,2002-02-01,34.2,2.433,12.2
626,2002-03-01,37.8,4.134,11.7
627,2002-04-01,50.7,3.673,10.2
628,2002-05-01,55.9,5.783,9.6
629,2002-06-01,70.7,0.921,8.1
630,2002-07-01,75.6,2.874,8.3
631,2002-08-01,73.9,2.004,8.1
632,2002-09-01,68.9,3.5,7.8
633,2002-10-01,52.0,1.52,8.5
634,2002-11-01,41.5,3.65,11.4
635,2002-12-01,30.9,3.713,11.3
636,2003-01-01,21.4,1.98,11.6
637,2003-02-01,24.8,2.748,11.0
638,2003-03-01,39.0,2.335,9.6
639,2003-04-01,49.1,2.469,10.9
640,2003-05-01,58.1,6.496,9.7
641,2003-06-01,67.1,3.165,8.1
642,2003-07-01,72.7,4.886,7.8
643,2003-08-01,73.4,1.961,7.1
644,2003-09-01,64.0,6.024,8.3
645,2003-10-01,51.4,2.862,8.8
646,2003-11-01,48.0,3.583,10.9
647,2003-12-01,33.8,4.008,11.4
648,2004-01-01,21.9,2.693,11.6
649,2004-02-01,30.0,0.768,9.4
650,2004-03-01,40.6,4.823,10.4
651,2004-04-01,49.3,3.74,11.2
652,2004-05-01,62.4,5.902,9.4
653,2004-06-01,67.1,2.882,8.5
654,2004-07-01,71.6,2.882,8.5
655,2004-08-01,68.4,2.465,7.8
656,2004-09-01,66.2,3.22,7.9
657,2004-10-01,53.8,2.339,8.6
658,2004-11-01,44.6,3.248,9.4
659,2004-12-01,31.3,4.472,11.5
660,2005-01-01,27.7,5.894,10.1
661,2005-02-01,31.1,2.075,8.9
662,2005-03-01,32.7,1.654,9.9
663,2005-04-01,49.1,5.579,10.8
664,2005-05-01,55.4,1.437,8.5
665,2005-06-01,73.9,1.642,8.5
666,2005-07-01,75.4,3.24,7.6
667,2005-08-01,74.1,7.61,7.8
668,2005-09-01,67.3,3.551,7.6
669,2005-10-01,54.5,2.539,8.5
670,2005-11-01,44.8,2.657,13.0
671,2005-12-01,27.5,2.039,10.9
672,2006-01-01,39.0,1.917,13.2
673,2006-02-01,31.8,2.803,14.3
674,2006-03-01,38.3,1.543,11.9
675,2006-04-01,,2.457,10.1
676,2006-05-01,59.0,4.543,8.6
677,2006-06-01,68.5,4.843,7.6
678,2006-07-01,76.3,4.465,8.7
679,2006-08-01,74.8,2.213,8.6
680,2006-09-01,63.7,3.146,10.3
681,2006-10-01,50.2,5.831,10.8
682,2006-11-01,46.4,3.402,9.8
683,2006-12-01,38.3,3.52,11.1
684,2007-01-01,32.9,5.846,14.4
685,2007-02-01,,1.413,11.9
686,2007-03-01,,3.709,11.6
687,2007-04-01,,3.528,12.3
688,2007-05-01,62.4,0.661,8.2
689,2007-06-01,70.3,1.665,7.5
690,2007-07-01,73.9,2.567,7.6
691,2007-08-01,73.0,9.035,6.5
692,2007-09-01,69.1,2.122,6.6
693,2007-10-01,59.9,2.654,8.6
694,2007-11-01,43.2,4.075,13.0
695,2007-12-01,,4.201,10.1
696,2008-01-01,,3.315,12.4
697,2008-02-01,27.9,5.543,10.6
698,2008-03-01,,5.472,10.9
699,2008-04-01,51.6,2.213,9.1
700,2008-05-01,57.9,4.177,10.7
701,2008-06-01,73.2,5.213,9.8
702,2008-07-01,73.9,3.028,7.5
703,2008-08-01,71.4,1.437,7.9
704,2008-09-01,66.2,3.791,7.3
705,2008-10-01,54.9,2.598,8.9
706,2008-11-01,43.3,3.976,12.6
707,2008-12-01,30.4,3.772,12.8
708,2009-01-01,,2.665,9.8
709,2009-02-01,32.9,2.728,11.6
710,2009-03-01,,3.343,9.9
711,2009-04-01,50.9,3.079,10.9
712,2009-05-01,61.0,2.35,8.5
713,2009-06-01,68.5,2.685,7.1
714,2009-07-01,70.3,3.756,7.2
715,2009-08-01,72.5,3.524,7.6
716,2009-09-01,66.4,3.846,9.1
717,2009-10-01,53.1,3.661,10.5
718,2009-11-01,47.8,1.453,8.7
719,2009-12-01,31.8,2.717,10.5
720,2010-01-01,27.5,1.693,10.2
721,2010-02-01,27.7,2.717,8.9
722,2010-03-01,42.3,1.811,8.6
723,2010-04-01,56.1,2.008,9.6
724,2010-05-01,64.9,4.055,8.9
725,2010-06-01,72.5,4.37,8.3
726,2010-07-01,75.9,3.583,6.9
727,2010-08-01,74.8,3.701,6.3
728,2010-09-01,66.2,2.953,9.4
729,2010-10-01,55.4,2.598,11.2
730,2010-11-01,44.2,4.606,10.9
731,2010-12-01,26.6,1.339,11.5
732,2011-01-01,24.8,1.929,9.2
733,2011-02-01,29.1,5.236,11.6
734,2011-03-01,36.5,3.583,10.3
735,2011-04-01,50.0,6.89,11.7
736,2011-05-01,60.4,7.756,9.3
737,2011-06-01,71.1,2.913,8.8
738,2011-07-01,78.1,7.48,6.9
739,2011-08-01,72.1,5.945,6.9
740,2011-09-01,66.9,8.307,8.5
741,2011-10-01,54.9,5.827,10.4
742,2011-11-01,49.5,4.528,12.8
743,2011-12-01,37.2,4.961,9.3
744,2012-01-01,34.5,3.228,11.8
745,2012-02-01,36.0,2.244,11.2
746,2012-03-01,52.0,3.898,10.3
747,2012-04-01,50.7,1.969,9.8
748,2012-05-01,64.9,1.457,7.4
749,2012-06-01,71.6,2.047,9.3
750,2012-07-01,77.7,4.331,8.0
751,2012-08-01,72.9,2.835,6.5
752,2012-09-01,64.4,7.559,8.1
753,2012-10-01,54.1,10.394,11.2
754,2012-11-01,41.9,0.748,7.2
755,2012-12-01,38.3,3.937,9.3
756,2013-01-01,30.6,2.165,11.5
757,2013-02-01,28.6,2.283,11.4
758,2013-03-01,33.3,2.244,10.9
759,2013-04-01,47.3,3.504,11.2
760,2013-05-01,62.4,2.362,10.6
761,2013-06-01,68.0,7.913,7.9
762,2013-07-01,75.0,4.921,7.7
763,2013-08-01,70.5,2.795,7.0
764,2013-09-01,65.5,1.969,8.1
765,2013-10-01,55.8,0.0,8.5
766,2013-11-01,40.3,0.0,12.1
767,2013-12-01,32.2,4.094,10.8
768,2014-01-01,21.6,2.008,13.2
769,2014-02-01,22.6,3.031,10.5
770,2014-03-01,32.2,2.205,11.4
771,2014-04-01,48.2,4.961,11.4
772,2014-05-01,60.8,4.213,8.6
773,2014-06-01,70.2,6.26,8.0
774,2014-07-01,71.2,3.976,8.2
775,2014-08-01,70.5,4.606,7.4
776,2014-09-01,65.5,4.488,7.1
777,2014-10-01,53.4,2.835,9.4
778,2014-11-01,37.0,3.661,12.4
779,2014-12-01,35.6,1.969,10.3
780,2015-01-01,24.4,2.937,11.4
781,2015-02-01,15.3,1.866,10.2
782,2015-03-01,33.8,1.976,9.9
783,2015-04-01,48.6,2.772,10.4
784,2015-05-01,64.0,4.098,8.7
785,2015-06-01,68.7,8.52,8.8
786,2015-07-01,73.2,2.732,7.2
787,2015-08-01,72.9,2.846,7.8
788,2015-09-01,71.1,4.909,8.1
789,2015-10-01,56.7,2.173,13.0
790,2015-11-01,48.6,2.319,10.5
791,2015-12-01,43.7,2.957,10.6
792,2016-01-01,30.4,1.378,15.2
793,2016-02-01,33.8,3.228,14.2
794,2016-03-01,44.4,4.177,10.3
795,2016-04-01,46.2,3.866,10.2
796,2016-05-01,60.4,3.319,8.8
797,2016-06-01,71.4,2.122,8.6
798,2016-07-01,77.2,1.827,8.7
799,2016-08-01,77.9,3.508,7.8
800,2016-09-01,71.1,5.386,9.4
801,2016-10-01,59.4,2.961,9.6
802,2016-11-01,49.5,2.114,13.2
803,2016-12-01,32.4,2.65,12.1
804,2017-01-01,33.8,4.791,12.9
805,2017-02-01,39.7,2.689,11.3
806,2017-03-01,39.7,4.024,11.9
807,2017-04-01,57.0,4.496,10.8
808,2017-05-01,58.8,6.094,11.5
809,2017-06-01,71.1,5.85,9.4
810,2017-07-01,73.9,2.472,7.7
811,2017-08-01,72.0,1.252,7.5
812,2017-09-01,67.5,0.811,7.1
813,2017-10-01,59.4,3.685,9.1
814,2017-11-01,44.1,5.965,13.2
815,2017-12-01,29.1,1.736,10.4
816,2018-01-01,27.5,2.283,12.0
817,2018-02-01,35.8,3.252,10.4
818,2018-03-01,34.5,4.004,10.7
819,2018-04-01,41.5,4.378,9.9
820,2018-05-01,64.4,5.72,9.1
821,2018-06-01,70.2,3.835,8.5
822,2018-07-01,75.4,6.689,7.1
823,2018-08-01,75.4,4.902,7.9
824,2018-09-01,70.5,4.343,8.0
825,2018-10-01,55.6,3.776,9.8
826,2018-11-01,38.7,5.472,10.0
827,2018-12-01,36.5,2.85,9.5
828,2019-01-01,27.5,3.189,15.0
829,2019-02-01,32.9,2.48,11.5
830,2019-03-01,36.0,3.071,10.6
831,2019-04-01,49.3,4.016,11.2
832,2019-05-01,59.2,4.134,10.2
833,2019-06-01,68.0,8.071,9.3
834,2019-07-01,77.0,2.638,8.8
835,2019-08-01,73.9,3.228,8.9
836,2019-09-01,71.4,1.299,9.7
837,2019-10-01,57.6,3.307,9.4
838,2019-11-01,40.3,1.693,10.1
839,2019-12-01,38.3,2.835,10.4
840,2020-01-01,36.3,2.992,10.6
841,2020-02-01,33.3,2.323,13.6
842,2020-03-01,44.2,5.354,10.0
843,2020-04-01,46.8,3.74,12.4
844,2020-05-01,58.1,6.929,11.0
845,2020-06-01,70.5,2.362,8.8
846,2020-07-01,78.4,5.118,8.2
847,2020-08-01,74.8,5.63,8.6
848,2020-09-01,67.6,5.787,10.3
849,2020-10-01,55.8,7.283,11.5
850,2020-11-01,50.4,3.386,14.4
851,2020-12-01,37.2,3.228,14.3
852,2021-01-01,33.1,1.677,10.9
853,2021-02-01,28.2,1.362,12.8
854,2021-03-01,44.4,1.299,11.1
855,2021-04-01,52.9,2.713,11.4
856,2021-05-01,60.8,3.398,9.6
857,2021-06-01,73.9,2.752,9.2
858,2021-07-01,75.2,3.744,8.8
859,2021-08-01,77.0,5.244,7.8
860,2021-09-01,70.2,3.65,10.9
861,2021-10-01,62.2,5.449,11.1
862,2021-11-01,43.7,2.091,14.0
863,2021-12-01,41.9,2.732,12.7
864,2022-01-01,26.1,1.665,13.7
865,2022-02-01,31.8,3.35,15.0
866,2022-03-01,41.7,3.354,10.8
867,2022-04-01,48.0,3.673,12.2
868,2022-05-01,64.0,4.303,9.9
869,2022-06-01,72.0,1.898,9.9
870,2022-07-01,76.5,3.142,8.9
871,2022-08-01,75.0,5.299,8.5
872,2022-09-01,68.2,5.071,10.2
873,2022-10-01,55.9,3.445,12.5
874,2022-11-01,47.3,2.642,13.4
875,2022-12-01,36.1,1.189,12.8
876,2023-01-01,37.8,5.362,11.7
877,2023-02-01,37.4,2.764,12.4
878,2023-03-01,39.0,3.559,11.0
879,2023-04-01,51.6,3.413,10.9
880,2023-05-01,57.9,2.657,9.1
881,2023-06-01,67.3,3.11,8.6
882,2023-07-01,74.7,5.039,7.8
883,2023-08-01,72.3,4.996,9.4
884,2023-09-01,68.9,0.839,8.6
885,2023-10-01,59.0,4.126,12.2
886,2023-11-01,46.4,1.61,12.6
887,2023-12-01,44.1,3.091,11.0
888,2024-01-01,32.5,3.406,12.6
889,2024-02-01,39.7,1.236,11.2
890,2024-03-01,43.9,2.866,10.4
891,2024-04-01,55.2,6.0,11.6
892,2024-05-01,66.2,2.362,9.1
893,2024-06-01,74.7,3.083,9.6
894,2024-07-01,76.8,2.913,8.5
895,2024-08-01,74.8,2.35,7.6
896,2024-09-01,71.2,2.874,7.5
