,date,temp,precipitation,windspeed,tmax,tmin,month
0,1950-01-01,36.3,7.02,12.6,45.9,27.7,1
1,1950-02-01,27.9,4.646,11.7,36.5,21.9,2
2,1950-03-01,30.6,4.268,13.5,41.5,24.4,3
3,1950-04-01,41.0,5.909,13.5,52.0,33.8,4
4,1950-05-01,58.5,3.217,10.2,72.7,48.6,5
5,1950-06-01,65.7,3.772,10.2,79.3,57.0,6
6,1950-07-01,68.4,5.157,8.0,82.0,59.9,7
7,1950-08-01,67.8,1.811,6.9,82.0,59.2,8
8,1950-09-01,60.3,3.839,7.8,74.3,54.7,9
9,1950-10-01,53.6,1.728,8.0,67.6,47.7,10
10,1950-11-01,36.0,6.449,12.5,45.0,29.8,11
11,1950-12-01,24.4,2.606,10.4,32.2,18.1,12
12,1951-01-01,28.6,3.724,11.7,36.3,23.5,1
13,1951-02-01,28.2,3.795,11.2,37.8,22.1,2
14,1951-03-01,35.8,4.807,11.9,46.6,29.7,3
15,1951-04-01,45.1,2.693,10.9,56.7,36.9,4
16,1951-05-01,59.0,2.602,9.1,72.7,48.9,5
17,1951-06-01,66.9,3.248,7.8,79.9,58.1,6
18,1951-07-01,70.5,3.469,7.3,84.9,62.2,7
19,1951-08-01,67.6,2.429,6.5,81.9,58.8,8
20,1951-09-01,60.6,4.492,8.5,73.9,52.0,9
21,1951-10-01,54.1,1.531,8.7,68.5,47.1,10
22,1951-11-01,34.2,5.85,11.7,42.8,28.4,11
23,1951-12-01,29.7,5.602,12.4,38.1,22.6,12
24,1952-01-01,27.0859375,5.024,11.6,39.7,24.6,1
25,1952-02-01,30.2,2.193,10.3,39.0,25.3,2
26,1952-03-01,34.2,3.287,11.4,44.6,28.8,3
27,1952-04-01,48.6,3.815,10.9,60.3,39.9,4
28,1952-05-01,55.2,2.74,9.5,68.2,47.7,5
29,1952-06-01,69.8,1.48,8.1,84.9,61.5,6
30,1952-07-01,73.4,1.232,7.7,88.5,64.2,7
31,1952-08-01,68.5,1.984,6.6,83.5,60.6,8
32,1952-09-01,62.4,3.028,7.1,77.5,53.6,9
33,1952-10-01,46.0,0.61,9.6,59.9,38.5,10
34,1952-11-01,42.1,2.496,10.6,52.3,35.6,11
35,1952-12-01,32.7,2.701,10.9,40.3,29.5,12
36,1953-01-01,32.5,4.035,10.9,40.5,26.6,1
37,1953-02-01,31.5,1.224,12.3,41.9,25.3,2
38,1953-03-01,37.4,2.055,11.5,48.0,32.2,3
39,1953-04-01,43.9,2.827,11.4,54.0,37.0,4
40,1953-05-01,59.7,4.004,8.6,72.9,50.9,5
41,1953-06-01,68.2,3.307,8.0,83.3,59.5,6
42,1953-07-01,70.9,3.083,6.4,86.0,62.6,7
43,1953-08-01,70.2,3.866,6.4,86.0,61.0,8
44,1953-09-01,62.8,1.571,8.3,77.9,53.2,9
45,1953-10-01,53.6,1.287,8.0,70.2,44.6,10
46,1953-11-01,42.8,2.327,10.0,52.5,37.8,11
47,1953-12-01,32.7,2.626,13.1,41.5,26.6,12
48,1954-01-01,27.0,3.122,11.5,36.3,20.5,1
49,1954-02-01,33.8,2.89,11.4,44.2,28.4,2
50,1954-03-01,33.3,6.079,12.6,43.5,26.6,3
51,1954-04-01,52.0,5.366,10.6,65.5,43.5,4
52,1954-05-01,54.7,1.047,8.9,68.0,46.8,5
53,1954-06-01,68.2,1.386,8.6,82.9,61.2,6
54,1954-07-01,70.5,1.492,7.6,85.8,60.3,7
55,1954-08-01,67.5,3.157,7.5,81.3,61.2,8
56,1954-09-01,64.0,1.984,8.6,77.7,57.9,9
57,1954-10-01,53.8,9.488,10.7,64.4,47.8,10
58,1954-11-01,39.9,1.343,12.5,50.0,35.2,11
59,1954-12-01,29.7,2.335,13.7,37.6,26.4,12
60,1955-01-01,24.6,2.228,11.3,33.3,20.7,1
61,1955-02-01,28.8,2.693,9.8,38.1,23.5,2
62,1955-03-01,36.9,5.587,,48.6,28.4,3
63,1955-04-01,53.4,3.724,10.9,67.1,44.8,4
64,1955-05-01,60.3,5.008,9.3,73.8,51.6,5
65,1955-06-01,64.9,2.681,6.8,79.3,56.5,6
66,1955-07-01,75.2,2.508,6.5,90.0,68.4,7
67,1955-08-01,72.7,3.819,7.5,85.6,66.4,8
68,1955-09-01,63.5,1.61,7.5,78.3,56.1,9
69,1955-10-01,52.3,5.886,9.6,64.4,45.1,10
70,1955-11-01,36.9,2.874,12.2,46.8,30.6,11
71,1955-12-01,27.0,0.969,10.9,34.5,22.1,12
72,1956-01-01,25.3,2.76,10.1,33.1,22.1,1
73,1956-02-01,29.8,3.224,10.8,38.3,24.3,2
74,1956-03-01,33.4,4.61,11.6,44.2,27.7,3
75,1956-04-01,44.6,3.614,10.8,55.0,36.7,4
76,1956-05-01,55.2,5.488,11.5,68.0,47.7,5
77,1956-06-01,66.2,4.142,9.3,78.6,58.6,6
78,1956-07-01,68.9,3.748,9.6,80.2,63.1,7
79,1956-08-01,68.5,5.146,9.8,80.4,63.0,8
80,1956-09-01,58.6,1.559,9.9,71.1,51.3,9
81,1956-10-01,54.5,0.854,10.4,69.1,48.2,10
82,1956-11-01,40.6,1.15,12.9,51.4,34.0,11
83,1956-12-01,36.5,2.713,12.5,44.6,31.5,12
84,1957-01-01,22.3,2.035,11.8,29.5,16.5,1
85,1957-02-01,31.5,1.406,10.9,39.9,26.1,2
86,1957-03-01,36.5,1.508,11.9,45.7,30.6,3
87,1957-04-01,49.1,5.787,11.2,59.2,42.3,4
88,1957-05-01,58.3,4.602,10.4,68.9,49.3,5
89,1957-06-01,68.4,5.846,10.6,79.7,60.8,6
90,1957-07-01,70.2,3.252,9.4,81.3,62.8,7
91,1957-08-01,67.6,2.311,8.8,80.1,60.4,8
92,1957-09-01,62.1,2.622,10.1,74.5,55.4,9
93,1957-10-01,48.9,2.638,10.4,59.7,43.7,10
94,1957-11-01,40.6,2.268,13.4,50.4,35.2,11
95,1957-12-01,34.0,3.382,14.4,43.2,28.9,12
96,1958-01-01,25.9,1.492,12.8,34.2,22.1,1
97,1958-02-01,20.7,0.969,14.8,29.3,17.2,2
98,1958-03-01,33.6,0.783,10.7,40.6,30.4,3
99,1958-04-01,49.3,3.311,11.7,61.7,41.0,4
100,1958-05-01,57.0,2.138,11.5,69.6,48.0,5
101,1958-06-01,62.6,4.669,10.4,74.7,54.0,6
102,1958-07-01,70.7,4.819,9.3,81.7,65.1,7
103,1958-08-01,68.0,3.98,8.9,80.2,60.4,8
104,1958-09-01,61.9,3.626,10.2,73.6,56.1,9
105,1958-10-01,51.3,1.63,11.5,64.2,46.0,10
106,1958-11-01,42.6,4.76,13.0,51.8,37.0,11
107,1958-12-01,21.2,0.713,12.2,31.3,15.4,12
108,1959-01-01,22.5,4.622,13.6,32.5,15.4,1
109,1959-02-01,27.9,4.236,13.1,37.6,20.5,2
110,1959-03-01,34.0,2.142,12.7,45.3,27.7,3
111,1959-04-01,48.0,4.701,11.0,59.4,40.1,4
112,1959-05-01,61.7,4.713,8.9,75.0,53.6,5
113,1959-06-01,67.1,1.823,9.5,80.1,59.7,6
114,1959-07-01,70.7,4.323,8.5,83.1,63.5,7
115,1959-08-01,72.9,1.858,7.8,85.3,66.9,8
116,1959-09-01,65.7,3.075,9.1,78.4,59.4,9
117,1959-10-01,51.8,3.567,10.6,62.2,46.2,10
118,1959-11-01,36.7,2.961,12.7,47.5,30.7,11
119,1959-12-01,33.6,2.398,11.5,41.9,30.0,12
120,1960-01-01,29.7,2.339,12.9,37.8,24.8,1
121,1960-02-01,27.1,1.874,14.5,35.2,23.9,2
122,1960-03-01,24.6,2.063,12.3,32.2,15.8,3
123,1960-04-01,52.0,2.783,12.6,62.6,39.4,4
124,1960-05-01,56.3,3.563,10.9,66.2,47.5,5
125,1960-06-01,66.0,3.008,10.1,76.8,54.7,6
126,1960-07-01,67.8,3.331,8.0,78.4,56.8,7
127,1960-08-01,69.4,6.953,7.4,80.1,59.5,8
128,1960-09-01,64.6,1.843,6.8,74.8,55.0,9
129,1960-10-01,50.7,1.02,8.0,61.9,40.1,10
130,1960-11-01,42.3,2.079,11.1,51.3,33.6,11
131,1960-12-01,32.075384615384614,1.091,11.9,30.9,14.9,12
132,1961-01-01,21.7,0.366,11.0,28.4,14.7,1
133,1961-02-01,31.6,3.232,10.1,40.3,23.0,2
134,1961-03-01,38.7,3.205,12.2,48.4,31.5,3
135,1961-04-01,41.7,6.61,10.8,52.2,34.7,4
136,1961-05-01,53.2,1.311,10.6,65.5,43.2,5
137,1961-06-01,65.1,2.949,8.3,76.3,53.6,6
138,1961-07-01,70.7,4.303,7.6,82.0,60.6,7
139,1961-08-01,70.0,4.276,7.0,80.8,61.0,8
140,1961-09-01,66.7,2.358,8.0,78.8,58.3,9
141,1961-10-01,54.1,2.154,9.4,66.9,46.6,10
142,1961-11-01,40.8,2.78,10.0,50.2,34.7,11
143,1961-12-01,28.2,1.843,11.6,36.7,22.8,12
144,1962-01-01,22.3,2.831,11.9,31.8,16.0,1
145,1962-02-01,25.7,1.858,12.1,33.4,18.5,2
146,1962-03-01,33.1,1.732,11.4,41.2,26.4,3
147,1962-04-01,46.6,1.78,10.6,57.6,37.2,4
148,1962-05-01,63.5,1.913,9.5,76.1,53.8,5
149,1962-06-01,67.6,2.949,8.0,78.1,57.7,6
150,1962-07-01,68.5,3.425,8.3,79.9,59.0,7
151,1962-08-01,68.7,1.303,8.3,82.2,57.9,8
152,1962-09-01,58.8,4.394,8.8,72.1,51.8,9
153,1962-10-01,52.3,3.598,9.4,64.0,45.0,10
154,1962-11-01,38.7,2.772,9.3,49.8,34.9,11
155,1962-12-01,24.1,3.055,12.2,33.4,18.3,12
156,1963-01-01,18.5,1.063,9.9,25.9,10.0,1
157,1963-02-01,18.7,0.732,11.2,27.0,8.1,2
158,1963-03-01,38.1,2.839,11.6,48.2,29.8,3
159,1963-04-01,47.8,2.409,12.1,58.5,38.3,4
160,1963-05-01,55.0,1.0,10.3,65.7,43.7,5
161,1963-06-01,66.4,1.937,7.7,79.7,55.6,6
162,1963-07-01,69.6,1.886,8.2,82.4,60.1,7
163,1963-08-01,64.8,1.705,7.8,76.5,56.8,8
164,1963-09-01,58.6,1.996,8.2,71.6,48.9,9
165,1963-10-01,57.7,0.709,8.2,71.2,47.5,10
166,1963-11-01,43.0,1.339,11.5,50.4,37.2,11
167,1963-12-01,20.7,1.055,10.9,27.0,16.9,12
168,1964-01-01,27.9,1.465,12.4,36.5,23.0,1
169,1964-02-01,24.1,1.5,9.9,32.7,18.1,2
170,1964-03-01,36.3,5.213,11.6,45.3,28.8,3
171,1964-04-01,48.4,4.874,11.2,58.6,39.0,4
172,1964-05-01,61.2,3.016,9.9,70.7,50.7,5
173,1964-06-01,66.7,2.063,9.0,78.1,56.8,6
174,1964-07-01,71.1,3.37,8.3,82.2,62.2,7
175,1964-08-01,66.2,3.823,8.8,76.3,58.8,8
176,1964-09-01,62.1,0.74,9.3,73.2,53.8,9
177,1964-10-01,48.6,1.791,9.3,59.9,38.3,10
178,1964-11-01,45.1,0.929,10.8,53.2,35.1,11
179,1964-12-01,31.5,2.673,11.1,39.0,25.5,12
180,1965-01-01,27.0859375,4.457,,34.3,19.9,1
181,1965-02-01,29.02923076923077,3.004,,37.0,18.9,2
182,1965-03-01,37.593939393939394,1.657,,38.5,25.0,3
183,1965-04-01,48.93272727272728,1.839,,55.4,35.8,4
184,1965-05-01,59.536363636363646,2.295,,74.3,52.2,5
185,1965-06-01,68.56212121212121,3.055,,77.2,56.5,6
186,1965-07-01,72.83030303030304,3.012,,79.9,58.1,7
187,1965-08-01,71.0939393939394,3.579,,78.4,58.8,8
188,1965-09-01,64.48939393939395,2.524,,76.8,57.9,9
189,1965-10-01,53.44090909090909,2.547,,60.1,42.4,10
190,1965-11-01,42.48333333333333,1.89,,51.3,33.6,11
191,1965-12-01,32.075384615384614,2.079,,43.3,31.3,12
192,1966-01-01,27.0859375,1.531,,28.8,15.1,1
193,1966-02-01,29.02923076923077,2.323,,33.1,20.3,2
194,1966-03-01,37.593939393939394,2.26,,47.3,28.2,3
195,1966-04-01,48.93272727272728,3.606,,54.5,37.9,4
196,1966-05-01,59.536363636363646,2.209,,64.4,43.9,5
197,1966-06-01,68.56212121212121,1.827,,80.6,57.2,6
198,1966-07-01,72.83030303030304,3.89,,84.0,61.5,7
199,1966-08-01,71.0939393939394,3.484,,79.2,58.5,8
200,1966-09-01,64.48939393939395,1.669,,70.9,50.9,9
201,1966-10-01,53.44090909090909,1.185,,61.0,39.6,10
202,1966-11-01,42.48333333333333,5.165,,50.5,35.2,11
203,1966-12-01,32.075384615384614,2.839,,36.0,25.0,12
204,1967-01-01,27.0859375,0.98,,39.6,25.2,1
205,1967-02-01,29.02923076923077,2.362,,33.3,18.5,2
206,1967-03-01,37.593939393939394,2.083,,44.8,29.5,3
207,1967-04-01,48.93272727272728,3.126,,59.7,39.6,4
208,1967-05-01,59.536363636363646,3.819,,61.0,43.7,5
209,1967-06-01,68.56212121212121,1.173,,82.8,60.6,6
210,1967-07-01,72.83030303030304,1.906,,79.7,59.7,7
211,1967-08-01,71.0939393939394,1.85,,78.8,58.8,8
212,1967-09-01,64.48939393939395,2.075,,73.0,50.2,9
213,1967-10-01,53.44090909090909,2.118,,63.5,44.4,10
214,1967-11-01,42.48333333333333,2.882,,44.2,33.1,11
215,1967-12-01,32.075384615384614,2.469,,41.0,28.4,12
216,1968-01-01,27.0859375,3.276,,30.4,15.6,1
217,1968-02-01,29.02923076923077,0.795,,30.7,14.4,2
218,1968-03-01,37.593939393939394,2.075,,46.6,28.4,3
219,1968-04-01,48.93272727272728,2.252,,60.3,38.7,4
220,1968-05-01,59.536363636363646,4.083,,63.1,45.7,5
221,1968-06-01,68.56212121212121,2.323,,76.8,56.1,6
222,1968-07-01,72.83030303030304,3.587,,80.4,59.5,7
223,1968-08-01,71.0939393939394,1.823,,81.3,62.1,8
224,1968-09-01,64.48939393939395,3.354,,73.6,54.1,9
225,1968-10-01,53.44090909090909,2.906,,61.9,42.3,10
226,1968-11-01,42.48333333333333,4.35,,49.1,35.6,11
227,1968-12-01,32.075384615384614,3.945,,36.3,23.5,12
228,1969-01-01,27.0859375,2.854,,32.4,18.5,1
229,1969-02-01,29.02923076923077,0.752,,33.4,22.3,2
230,1969-03-01,37.593939393939394,1.819,,41.7,26.8,3
231,1969-04-01,48.93272727272728,4.488,,59.7,39.0,4
232,1969-05-01,59.536363636363646,5.732,,69.1,48.0,5
233,1969-06-01,68.56212121212121,4.61,,74.8,56.1,6
234,1969-07-01,72.83030303030304,6.469,,80.8,64.0,7
235,1969-08-01,71.0939393939394,0.528,,83.1,60.4,8
236,1969-09-01,64.48939393939395,4.917,,72.5,54.7,9
237,1969-10-01,53.44090909090909,1.906,,61.0,42.6,10
238,1969-11-01,42.48333333333333,2.866,,45.5,34.9,11
239,1969-12-01,32.075384615384614,2.472,,32.2,22.1,12
240,1970-01-01,27.0859375,1.287,,25.3,12.2,1
241,1970-02-01,29.02923076923077,1.354,,34.7,19.8,2
242,1970-03-01,37.593939393939394,2.327,,40.1,27.3,3
243,1970-04-01,48.93272727272728,2.642,,60.4,39.9,4
244,1970-05-01,59.536363636363646,2.957,,73.8,51.6,5
245,1970-06-01,68.56212121212121,4.98,,79.3,60.3,6
246,1970-07-01,72.83030303030304,4.146,,81.3,62.6,7
247,1970-08-01,71.0939393939394,0.921,,80.4,59.4,8
248,1970-09-01,64.48939393939395,3.161,,76.1,55.9,9
249,1970-10-01,53.44090909090909,3.976,,63.0,45.9,10
250,1970-11-01,42.48333333333333,3.693,,47.8,35.2,11
251,1970-12-01,32.075384615384614,2.252,,38.5,25.9,12
252,1971-01-01,27.0859375,1.354,,29.3,13.5,1
253,1971-02-01,29.02923076923077,3.693,,34.9,20.8,2
254,1971-03-01,37.593939393939394,2.008,,39.2,23.9,3
255,1971-04-01,48.93272727272728,1.24,,53.6,32.7,4
256,1971-05-01,59.536363636363646,3.291,,67.6,45.5,5
257,1971-06-01,68.56212121212121,3.787,,81.0,61.0,6
258,1971-07-01,72.83030303030304,3.72,,79.9,59.2,7
259,1971-08-01,71.0939393939394,0.909,,79.9,57.9,8
260,1971-09-01,64.48939393939395,4.268,,76.6,58.8,9
261,1971-10-01,53.44090909090909,1.61,,69.4,50.4,10
262,1971-11-01,42.48333333333333,2.016,,49.1,33.6,11
263,1971-12-01,32.075384615384614,3.909,,45.7,30.6,12
264,1972-01-01,27.0859375,1.961,,35.8,18.9,1
265,1972-02-01,29.02923076923077,2.024,,33.8,17.6,2
266,1972-03-01,37.593939393939394,2.969,,43.3,26.2,3
267,1972-04-01,48.93272727272728,3.398,,55.8,36.1,4
268,1972-05-01,59.536363636363646,3.748,,68.4,48.9,5
269,1972-06-01,68.56212121212121,9.071,,72.1,53.2,6
270,1972-07-01,72.83030303030304,4.437,,80.6,62.2,7
271,1972-08-01,71.0939393939394,6.386,,78.1,59.7,8
272,1972-09-01,64.48939393939395,4.913,,72.3,55.2,9
273,1972-10-01,53.44090909090909,1.65,,56.8,41.2,10
274,1972-11-01,42.48333333333333,4.587,,43.9,35.4,11
275,1972-12-01,32.075384615384614,3.268,,39.9,29.1,12
276,1973-01-01,30.2,1.63,12.9,37.4,23.2,1
277,1973-02-01,28.2,2.406,10.5,34.7,20.8,2
278,1973-03-01,46.4,3.488,11.3,54.9,38.1,3
279,1973-04-01,48.93272727272728,3.402,,58.5,41.7,4
280,1973-05-01,56.1,4.799,10.0,64.9,48.4,5
281,1973-06-01,70.2,6.717,8.6,80.1,60.6,6
282,1973-07-01,72.7,2.945,8.1,81.5,63.5,7
283,1973-08-01,73.0,3.11,7.1,82.2,64.2,8
284,1973-09-01,66.6,2.693,7.6,76.8,55.8,9
285,1973-10-01,57.6,3.949,8.1,66.9,48.4,10
286,1973-11-01,45.0,2.622,11.8,51.6,37.6,11
287,1973-12-01,34.5,3.535,12.2,39.7,28.9,12
288,1974-01-01,27.0859375,2.571,,40.5,23.5,1
289,1974-02-01,28.4,2.441,12.4,34.9,20.7,2
290,1974-03-01,39.4,3.89,12.6,47.3,31.8,3
291,1974-04-01,51.8,3.646,12.7,61.3,41.2,4
292,1974-05-01,56.8,4.776,10.4,66.0,46.8,5
293,1974-06-01,66.4,3.571,10.2,75.2,57.2,6
294,1974-07-01,73.0,1.902,8.5,83.3,60.8,7
295,1974-08-01,70.3,3.295,8.1,80.6,60.3,8
296,1974-09-01,60.1,3.063,9.3,69.6,50.2,9
297,1974-10-01,50.9,1.197,9.7,60.6,41.9,10
298,1974-11-01,42.8,4.72,11.1,50.2,35.8,11
299,1974-12-01,31.8,4.858,10.8,36.1,27.1,12
300,1975-01-01,31.8,3.059,13.0,38.3,25.3,1
301,1975-02-01,29.02923076923077,3.205,,36.7,24.1,2
302,1975-03-01,34.3,3.469,11.8,41.9,27.3,3
303,1975-04-01,41.7,1.307,11.2,50.0,33.4,4
304,1975-05-01,63.0,3.24,8.3,72.7,51.8,5
305,1975-06-01,69.6,4.11,9.6,78.4,61.0,6
306,1975-07-01,71.6,2.539,7.5,82.2,60.3,7
307,1975-08-01,72.0,8.957,8.0,81.0,63.7,8
308,1975-09-01,58.6,3.354,8.7,66.4,50.9,9
309,1975-10-01,54.0,1.736,9.9,63.9,43.7,10
310,1975-11-01,46.9,2.091,11.7,55.4,38.7,11
311,1975-12-01,32.2,3.772,11.1,37.9,26.1,12
312,1976-01-01,21.9,3.394,13.1,28.8,14.4,1
313,1976-02-01,35.8,3.98,14.0,45.5,26.4,2
314,1976-03-01,44.8,3.114,13.9,54.7,35.2,3
315,1976-04-01,48.93272727272728,2.169,,59.5,38.7,4
316,1976-05-01,55.9,2.937,10.3,65.5,45.1,5
317,1976-06-01,70.0,3.642,8.9,79.9,59.2,6
318,1976-07-01,71.8,3.476,8.7,81.7,61.5,7
319,1976-08-01,68.5,3.508,6.8,78.8,57.9,8
320,1976-09-01,61.2,3.709,8.7,72.7,49.5,9
321,1976-10-01,47.8,2.543,10.3,56.7,39.6,10
322,1976-11-01,33.4,0.807,10.9,42.6,24.6,11
323,1976-12-01,23.9,1.575,11.3,32.9,13.6,12
324,1977-01-01,11.5,1.299,12.4,19.4,2.5,1
325,1977-02-01,25.7,1.39,11.8,33.1,16.7,2
326,1977-03-01,42.3,4.496,11.6,52.9,32.5,3
327,1977-04-01,48.93272727272728,3.567,,63.0,39.7,4
328,1977-05-01,62.4,1.02,8.4,74.7,48.9,5
329,1977-06-01,63.9,4.913,8.6,74.5,52.2,6
330,1977-07-01,73.4,3.949,9.0,83.5,62.6,7
331,1977-08-01,69.6,3.921,9.2,78.3,61.0,8
332,1977-09-01,65.7,2.524,9.3,74.5,56.7,9
333,1977-10-01,49.3,1.929,10.4,61.0,44.1,10
334,1977-11-01,45.3,3.614,11.8,52.7,38.1,11
335,1977-12-01,29.3,3.52,13.5,37.4,21.0,12
336,1978-01-01,20.7,3.677,13.0,28.2,11.8,1
337,1978-02-01,16.9,0.484,8.3,26.6,6.8,2
338,1978-03-01,32.9,2.173,10.3,41.7,23.2,3
339,1978-04-01,48.93272727272728,3.024,,58.1,35.8,4
340,1978-05-01,59.2,3.008,8.9,69.6,49.1,5
341,1978-06-01,69.3,3.307,8.9,79.9,58.1,6
342,1978-07-01,72.3,2.402,8.8,82.2,62.1,7
343,1978-08-01,72.7,3.583,8.0,82.9,63.0,8
344,1978-09-01,68.5,3.677,9.0,80.4,58.1,9
345,1978-10-01,52.3,3.236,10.1,63.3,43.2,10
346,1978-11-01,44.2,1.193,10.5,53.2,35.1,11
347,1978-12-01,33.3,2.961,13.5,41.2,26.1,12
348,1979-01-01,22.3,2.614,12.6,28.8,15.1,1
349,1979-02-01,19.4,2.74,11.8,27.9,10.2,2
350,1979-03-01,41.9,2.346,12.2,53.4,32.2,3
351,1979-04-01,48.93272727272728,3.098,,56.1,37.0,4
352,1979-05-01,57.0,4.772,8.9,68.0,45.7,5
353,1979-06-01,66.9,3.48,9.6,77.4,56.5,6
354,1979-07-01,71.2,3.764,8.5,80.8,61.3,7
355,1979-08-01,70.9,4.469,9.6,80.8,62.2,8
356,1979-09-01,65.1,3.661,9.1,75.0,54.9,9
357,1979-10-01,52.0,1.799,12.1,59.5,45.1,10
358,1979-11-01,42.4,3.169,12.2,50.7,34.0,11
359,1979-12-01,33.8,4.012,12.9,40.8,26.4,12
360,1980-01-01,26.1,1.185,12.1,32.4,18.7,1
361,1980-02-01,22.5,1.268,10.9,28.2,15.4,2
362,1980-03-01,33.8,3.661,12.4,41.5,25.5,3
363,1980-04-01,48.93272727272728,2.657,,55.8,36.5,4
364,1980-05-01,59.2,3.126,9.4,69.4,47.5,5
365,1980-06-01,64.4,2.689,9.4,75.9,52.2,6
366,1980-07-01,72.7,4.776,9.0,83.3,61.3,7
367,1980-08-01,73.0,4.382,9.4,81.3,64.9,8
368,1980-09-01,64.8,3.11,9.6,74.7,54.7,9
369,1980-10-01,48.0,2.398,11.1,56.7,39.0,10
370,1980-11-01,39.6,1.295,12.7,46.6,32.2,11
371,1980-12-01,28.9,2.102,11.7,35.2,21.7,12
372,1981-01-01,20.7,0.772,11.3,27.0,13.1,1
373,1981-02-01,31.3,2.728,13.6,39.9,23.0,2
374,1981-03-01,36.1,1.618,12.2,44.2,27.7,3
375,1981-04-01,48.93272727272728,4.634,,61.0,40.1,4
376,1981-05-01,56.1,2.193,9.4,65.5,45.9,5
377,1981-06-01,69.1,4.685,10.4,78.3,57.9,6
378,1981-07-01,72.0,5.311,8.7,81.1,61.5,7
379,1981-08-01,70.0,2.618,8.7,79.3,60.6,8
380,1981-09-01,62.6,6.752,9.7,70.2,54.7,9
381,1981-10-01,50.4,2.331,10.5,59.4,40.6,10
382,1981-11-01,41.7,1.988,9.4,51.6,33.6,11
383,1981-12-01,30.9,3.449,10.4,35.6,25.5,12
384,1982-01-01,20.1,4.004,14.6,28.9,10.8,1
385,1982-02-01,25.3,1.409,10.9,32.5,17.8,2
386,1982-03-01,36.9,3.772,13.1,46.2,27.9,3
387,1982-04-01,48.93272727272728,1.618,,55.4,33.6,4
388,1982-05-01,65.1,2.65,7.0,76.1,53.6,5
389,1982-06-01,64.8,5.008,9.0,74.1,54.1,6
390,1982-07-01,74.3,1.209,8.4,84.0,63.0,7
391,1982-08-01,68.9,2.661,8.5,78.6,57.2,8
392,1982-09-01,63.1,4.815,8.5,72.5,52.9,9
393,1982-10-01,55.0,0.933,10.0,64.9,45.7,10
394,1982-11-01,45.3,5.169,12.6,52.9,37.9,11
395,1982-12-01,40.8,3.689,13.2,47.7,33.3,12
396,1983-01-01,30.6,1.087,11.8,36.7,24.6,1
397,1983-02-01,33.3,0.78,9.3,41.7,25.9,2
398,1983-03-01,40.8,3.547,11.2,49.3,32.4,3
399,1983-04-01,48.93272727272728,4.48,,55.6,38.8,4
400,1983-05-01,55.9,4.177,11.6,66.0,45.3,5
401,1983-06-01,69.4,3.449,7.8,79.7,58.3,6
402,1983-07-01,75.4,4.157,9.4,85.6,64.6,7
403,1983-08-01,74.1,3.154,8.3,83.7,63.7,8
404,1983-09-01,65.3,2.87,10.1,75.9,54.3,9
405,1983-10-01,53.6,4.138,10.5,61.7,45.1,10
406,1983-11-01,43.5,5.882,11.4,50.9,36.7,11
407,1983-12-01,23.2,2.929,13.0,29.1,17.2,12
408,1984-01-01,21.4,1.26,11.1,27.1,14.2,1
409,1984-02-01,34.3,3.823,11.7,42.4,26.4,2
410,1984-03-01,28.6,3.803,12.5,36.1,20.7,3
411,1984-04-01,48.93272727272728,2.291,10.9,56.3,37.4,4
412,1984-05-01,54.5,5.957,10.5,63.1,44.8,5
413,1984-06-01,70.2,3.402,9.6,79.9,59.2,6
414,1984-07-01,69.4,3.35,7.7,79.5,57.9,7
415,1984-08-01,70.9,5.516,7.1,79.7,61.3,8
416,1984-09-01,61.0,2.437,8.8,70.5,51.6,9
417,1984-10-01,56.8,2.205,7.0,64.6,47.8,10
418,1984-11-01,40.6,3.949,11.4,49.1,32.7,11
419,1984-12-01,36.5,3.39,11.7,44.8,28.0,12
420,1985-01-01,21.4,1.783,12.5,26.4,15.1,1
421,1985-02-01,25.7,2.606,12.4,33.6,16.9,2
422,1985-03-01,40.1,4.972,12.9,50.0,30.6,3
423,1985-04-01,48.93272727272728,1.386,11.4,64.8,42.6,4
424,1985-05-01,61.2,3.453,10.2,72.0,48.7,5
425,1985-06-01,63.9,2.929,9.0,73.2,52.2,6
426,1985-07-01,71.8,3.228,8.2,80.8,61.3,7
427,1985-08-01,68.9,4.016,7.6,78.1,59.5,8
428,1985-09-01,64.9,2.051,7.8,75.0,54.9,9
429,1985-10-01,54.1,3.453,8.8,63.1,44.8,10
430,1985-11-01,45.7,8.795,11.0,52.3,39.7,11
431,1985-12-01,24.4,2.626,12.7,31.1,17.6,12
432,1986-01-01,26.6,2.24,12.1,33.3,19.9,1
433,1986-02-01,28.0,3.087,9.9,35.2,22.3,2
434,1986-03-01,39.7,2.445,12.7,49.8,29.3,3
435,1986-04-01,51.6,3.902,9.6,60.6,39.0,4
436,1986-05-01,61.3,4.346,9.1,70.5,50.9,5
437,1986-06-01,67.8,2.976,8.9,77.5,57.0,6
438,1986-07-01,73.8,3.106,8.1,82.6,63.7,7
439,1986-08-01,69.1,3.583,8.3,78.8,59.0,8
440,1986-09-01,66.9,6.413,9.2,76.5,57.6,9
441,1986-10-01,54.1,2.831,9.2,62.6,46.0,10
442,1986-11-01,40.5,3.012,10.1,47.1,33.4,11
443,1986-12-01,32.5,2.831,9.1,37.9,27.1,12
444,1987-01-01,27.9,1.98,9.8,33.8,21.0,1
445,1987-02-01,30.6,0.492,9.1,38.5,22.3,2
446,1987-03-01,39.0,3.843,10.2,48.9,29.1,3
447,1987-04-01,48.9,2.972,10.3,58.3,39.9,4
448,1987-05-01,63.0,2.402,8.5,74.1,51.6,5
449,1987-06-01,70.3,7.945,8.5,80.2,60.1,6
450,1987-07-01,75.4,3.362,7.9,84.6,65.8,7
451,1987-08-01,70.9,5.512,8.1,79.5,62.1,8
452,1987-09-01,63.5,2.067,6.6,72.9,54.1,9
453,1987-10-01,47.5,3.417,8.3,57.2,37.9,10
454,1987-11-01,45.9,1.024,11.3,53.8,38.5,11
455,1987-12-01,34.9,2.957,11.4,40.1,29.3,12
456,1988-01-01,25.9,1.031,11.8,33.8,17.4,1
457,1988-02-01,26.1,2.843,11.9,34.3,17.2,2
458,1988-03-01,37.8,2.205,11.1,46.6,28.2,3
459,1988-04-01,47.7,3.476,11.1,57.7,38.1,4
460,1988-05-01,60.4,1.331,9.1,71.2,48.0,5
461,1988-06-01,70.0,0.654,9.4,81.1,56.5,6
462,1988-07-01,76.3,3.421,7.1,87.8,64.0,7
463,1988-08-01,74.1,3.346,7.3,84.4,64.0,8
464,1988-09-01,64.2,1.776,8.8,73.9,54.0,9
465,1988-10-01,47.5,2.508,10.7,55.6,38.7,10
466,1988-11-01,44.1,4.634,12.2,51.8,35.8,11
467,1988-12-01,31.3,2.484,11.7,38.7,23.7,12
468,1989-01-01,34.9,2.067,11.7,43.5,26.4,1
469,1989-02-01,26.1,1.736,10.6,32.2,19.9,2
470,1989-03-01,37.6,3.465,10.5,48.9,27.3,3
471,1989-04-01,45.3,3.732,9.1,54.7,35.6,4
472,1989-05-01,57.7,9.142,9.4,66.4,48.6,5
473,1989-06-01,68.0,5.22,7.1,77.5,59.0,6
474,1989-07-01,73.0,3.031,6.3,82.6,64.2,7
475,1989-08-01,71.1,1.22,7.8,80.8,61.2,8
476,1989-09-01,63.9,4.803,8.3,72.9,55.0,9
477,1989-10-01,53.8,3.622,9.1,64.4,43.3,10
478,1989-11-01,40.8,3.11,11.4,49.5,32.4,11
479,1989-12-01,19.8,1.614,9.8,26.6,11.7,12
480,1990-01-01,36.1,2.48,12.4,43.0,28.6,1
481,1990-02-01,34.3,4.764,11.2,42.6,25.7,2
482,1990-03-01,41.9,0.827,10.3,50.7,33.3,3
483,1990-04-01,49.3,4.803,9.8,60.1,38.8,4
484,1990-05-01,56.7,6.26,10.1,66.0,46.6,5
485,1990-06-01,68.2,1.85,9.7,77.4,57.7,6
486,1990-07-01,71.6,5.433,8.8,80.2,62.2,7
487,1990-08-01,70.2,6.024,6.6,78.4,61.2,8
488,1990-09-01,64.0,8.937,7.8,72.1,54.7,9
489,1990-10-01,55.0,5.906,9.9,63.5,43.9,10
490,1990-11-01,45.9,2.441,9.8,54.3,36.3,11
491,1990-12-01,37.0,7.598,11.0,44.1,27.1,12
492,1991-01-01,28.2,2.193,10.1,34.3,20.1,1
493,1991-02-01,32.7,2.311,8.8,40.1,25.3,2
494,1991-03-01,41.5,4.016,11.7,49.1,32.2,3
495,1991-04-01,52.7,5.512,9.2,61.5,43.7,4
496,1991-05-01,67.5,3.24,8.5,77.4,56.5,5
497,1991-06-01,71.8,1.614,7.8,81.5,60.6,6
498,1991-07-01,75.4,2.047,8.3,85.3,64.0,7
499,1991-08-01,72.7,3.189,7.9,83.1,62.1,8
500,1991-09-01,65.7,3.465,8.5,74.5,54.3,9
501,1991-10-01,55.6,2.657,10.1,65.3,46.0,10
502,1991-11-01,41.2,3.661,11.9,47.3,33.3,11
503,1991-12-01,35.1,2.26,11.6,42.1,27.5,12
504,1992-01-01,30.7,3.701,10.3,36.5,23.7,1
505,1992-02-01,34.2,2.362,9.5,39.7,25.7,2
506,1992-03-01,37.4,3.543,8.3,45.7,27.5,3
507,1992-04-01,49.3,3.772,6.3,57.2,38.7,4
508,1992-05-01,59.2,3.008,6.9,68.7,46.9,5
509,1992-06-01,64.2,1.969,7.6,74.1,54.0,6
510,1992-07-01,71.4,10.394,8.5,79.2,62.2,7
511,1992-08-01,67.8,4.488,8.1,77.0,58.3,8
512,1992-09-01,64.8,1.929,9.0,73.0,53.6,9
513,1992-10-01,50.5,2.52,9.4,59.7,39.9,10
514,1992-11-01,43.0,6.85,10.9,47.8,36.1,11
515,1992-12-01,34.2,4.764,11.2,40.1,28.0,12
516,1993-01-01,33.1,5.118,11.2,38.5,26.1,1
517,1993-02-01,25.9,2.48,10.5,33.4,17.6,2
518,1993-03-01,33.4,3.898,10.4,40.3,27.0,3
519,1993-04-01,48.9,2.953,10.4,57.6,37.6,4
520,1993-05-01,60.1,1.693,9.6,70.3,48.0,5
521,1993-06-01,68.0,5.472,9.4,77.2,58.5,6
522,1993-07-01,75.0,2.52,8.4,84.6,65.3,7
523,1993-08-01,73.4,1.85,7.3,83.5,62.8,8
524,1993-09-01,63.1,6.654,8.3,70.5,53.8,9
525,1993-10-01,52.5,3.583,10.0,61.7,41.0,10
526,1993-11-01,41.9,4.528,10.7,49.3,34.2,11
527,1993-12-01,31.5,2.126,10.8,36.3,24.6,12
528,1994-01-01,19.8,2.598,11.8,27.0,11.5,1
529,1994-02-01,25.9,0.866,11.2,35.6,17.2,2
530,1994-03-01,36.0,1.378,9.9,44.6,28.0,3
531,1994-04-01,51.1,3.858,12.1,62.1,38.8,4
532,1994-05-01,55.6,1.457,9.6,66.0,43.3,5
533,1994-06-01,70.0,3.78,8.8,80.8,58.6,6
534,1994-07-01,73.2,2.638,8.6,82.8,63.9,7
535,1994-08-01,69.1,5.118,8.4,78.4,60.3,8
536,1994-09-01,64.4,2.244,8.3,74.3,53.4,9
537,1994-10-01,54.7,1.417,8.3,64.6,44.4,10
538,1994-11-01,48.2,3.307,12.0,57.0,38.7,11
539,1994-12-01,37.4,3.346,8.8,44.2,29.7,12
540,1995-01-01,30.6,5.945,11.1,36.9,23.4,1
541,1995-02-01,27.1,1.969,10.3,35.4,18.5,2
542,1995-03-01,41.7,2.008,9.1,50.4,29.7,3
543,1995-04-01,47.8,4.173,10.8,56.5,36.7,4
544,1995-05-01,60.3,4.291,9.8,69.1,49.6,5
545,1995-06-01,71.4,3.858,7.8,81.0,61.9,6
546,1995-07-01,75.6,4.094,8.3,85.1,65.8,7
547,1995-08-01,77.9,3.228,7.1,86.7,68.7,8
548,1995-09-01,64.2,1.063,8.3,73.9,52.5,9
549,1995-10-01,57.6,4.094,10.5,65.7,46.9,10
550,1995-11-01,38.7,3.976,12.2,45.1,31.8,11
551,1995-12-01,26.4,0.906,11.2,32.4,19.8,12
552,1996-01-01,26.1,1.693,12.9,33.1,18.7,1
553,1996-02-01,28.8,1.575,11.5,35.1,20.3,2
554,1996-03-01,31.6,1.969,11.4,39.7,21.9,3
555,1996-04-01,46.4,4.449,11.6,56.5,36.1,4
556,1996-05-01,57.4,1.969,9.8,65.3,48.2,5
557,1996-06-01,69.3,3.74,7.9,78.3,60.3,6
558,1996-07-01,70.5,2.835,8.6,79.0,60.3,7
559,1996-08-01,71.4,1.378,6.2,81.0,60.6,8
560,1996-09-01,64.0,11.102,9.4,71.2,56.7,9
561,1996-10-01,54.1,4.173,10.5,62.6,45.5,10
562,1996-11-01,36.5,4.213,9.8,42.1,30.6,11
563,1996-12-01,34.9,1.417,10.6,41.2,28.2,12
564,1997-01-01,25.3,1.811,13.2,34.2,17.1,1
565,1997-02-01,34.3,2.992,11.6,41.4,27.5,2
566,1997-03-01,39.0,3.11,12.6,47.5,30.0,3
567,1997-04-01,45.7,2.126,9.4,54.9,35.6,4
568,1997-05-01,53.2,3.78,11.6,62.2,43.5,5
569,1997-06-01,68.5,3.543,8.5,77.5,58.8,6
570,1997-07-01,71.4,1.496,7.8,80.1,61.2,7
571,1997-08-01,67.8,5.26,7.7,76.3,58.8,8
572,1997-09-01,63.0,4.256,8.6,71.2,54.0,9
573,1997-10-01,53.2,1.63,8.9,62.2,43.9,10
574,1997-11-01,39.6,2.587,10.3,44.4,33.4,11
575,1997-12-01,33.6,2.417,9.8,38.5,28.2,12
576,1998-01-01,35.2,3.929,9.8,41.0,29.3,1
577,1998-02-01,37.2,1.89,9.6,44.1,31.1,2
578,1998-03-01,41.4,3.26,12.1,48.0,34.2,3
579,1998-04-01,49.5,6.063,9.5,58.6,39.9,4
580,1998-05-01,64.6,1.925,8.1,73.9,54.7,5
581,1998-06-01,68.7,2.98,8.5,76.8,60.1,6
582,1998-07-01,71.6,2.72,7.6,81.0,61.7,7
583,1998-08-01,72.3,3.02,7.1,81.3,62.8,8
584,1998-09-01,67.3,1.201,8.1,77.0,57.0,9
585,1998-10-01,53.8,2.362,8.3,62.6,44.4,10
586,1998-11-01,45.1,1.594,10.9,52.0,37.8,11
587,1998-12-01,37.2,1.925,10.1,44.4,29.5,12
588,1999-01-01,27.3,3.638,12.2,35.1,19.0,1
589,1999-02-01,34.9,2.358,11.0,42.1,27.3,2
590,1999-03-01,34.7,1.646,11.5,42.6,25.9,3
591,1999-04-01,50.5,3.89,10.6,59.7,40.8,4
592,1999-05-01,61.3,1.547,9.1,72.0,50.0,5
593,1999-06-01,70.3,1.433,8.5,80.4,59.9,6
594,1999-07-01,76.5,4.665,8.4,86.4,66.0,7
595,1999-08-01,69.4,1.803,8.3,77.5,60.6,8
596,1999-09-01,65.1,1.941,8.1,76.1,54.0,9
597,1999-10-01,52.7,3.059,9.8,61.9,43.0,10
598,1999-11-01,46.0,3.311,10.6,54.7,37.0,11
599,1999-12-01,34.0,2.709,10.9,40.3,27.1,12
600,2000-01-01,27.0,2.642,11.4,34.3,18.9,1
601,2000-02-01,34.5,2.059,10.4,42.3,26.2,2
602,2000-03-01,43.3,1.575,10.7,52.9,33.4,3
603,2000-04-01,47.3,3.732,8.9,55.8,38.1,4
604,2000-05-01,61.7,5.465,9.6,71.1,52.0,5
605,2000-06-01,68.9,5.724,9.3,77.5,59.5,6
606,2000-07-01,68.4,2.579,7.5,76.8,59.2,7
607,2000-08-01,69.1,4.724,7.7,77.7,60.1,8
608,2000-09-01,63.3,3.295,9.5,72.3,54.0,9
609,2000-10-01,55.0,3.567,7.5,63.9,45.5,10
610,2000-11-01,39.9,2.551,10.1,46.4,33.3,11
611,2000-12-01,22.3,2.764,11.1,28.8,15.8,12
612,2001-01-01,27.9,1.594,9.9,32.9,22.5,1
613,2001-02-01,32.4,1.638,11.4,39.2,25.0,2
614,2001-03-01,34.2,2.425,10.3,40.5,27.5,3
615,2001-04-01,51.6,2.331,10.2,62.1,40.6,4
616,2001-05-01,60.3,3.839,8.9,69.6,50.5,5
617,2001-06-01,68.2,3.957,7.3,77.5,58.5,6
618,2001-07-01,72.1,0.685,8.2,81.7,62.1,7
619,2001-08-01,72.7,3.315,7.6,81.5,63.7,8
620,2001-09-01,61.5,3.898,8.6,70.7,52.2,9
621,2001-10-01,54.7,5.563,11.7,62.1,46.8,10
622,2001-11-01,48.9,2.618,10.0,57.4,40.3,11
623,2001-12-01,37.4,2.535,10.6,43.2,30.9,12
624,2002-01-01,34.9,2.209,11.0,41.2,28.0,1
625,2002-02-01,34.2,2.433,12.2,42.3,25.7,2
626,2002-03-01,37.8,4.134,11.7,46.2,28.6,3
627,2002-04-01,50.7,3.673,10.2,59.2,41.7,4
628,2002-05-01,55.9,5.783,9.6,65.8,45.1,5
629,2002-06-01,70.7,0.921,8.1,80.4,60.3,6
630,2002-07-01,75.6,2.874,8.3,85.1,66.0,7
631,2002-08-01,73.9,2.004,8.1,83.1,64.2,8
632,2002-09-01,68.9,3.5,7.8,79.3,58.1,9
633,2002-10-01,52.0,1.52,8.5,59.5,44.1,10
634,2002-11-01,41.5,3.65,11.4,46.8,36.0,11
635,2002-12-01,30.9,3.713,11.3,36.3,25.2,12
636,2003-01-01,21.4,1.98,11.6,27.0,15.4,1
637,2003-02-01,24.8,2.748,11.0,31.5,17.6,2
638,2003-03-01,39.0,2.335,9.6,48.9,28.4,3
639,2003-04-01,49.1,2.469,10.9,59.0,38.7,4
640,2003-05-01,58.1,6.496,9.7,66.7,48.9,5
641,2003-06-01,67.1,3.165,8.1,75.7,57.9,6
642,2003-07-01,72.7,4.886,7.8,81.5,63.5,7
643,2003-08-01,73.4,1.961,7.1,82.2,64.0,8
644,2003-09-01,64.0,6.024,8.3,72.5,54.9,9
645,2003-10-01,51.4,2.862,8.8,60.1,42.4,10
646,2003-11-01,48.0,3.583,10.9,55.6,39.9,11
647,2003-12-01,33.8,4.008,11.4,38.8,28.2,12
648,2004-01-01,21.9,2.693,11.6,28.9,14.4,1
649,2004-02-01,30.0,0.768,9.4,37.2,22.3,2
650,2004-03-01,40.6,4.823,10.4,47.3,33.4,3
651,2004-04-01,49.3,3.74,11.2,57.2,40.6,4
652,2004-05-01,62.4,5.902,9.4,73.0,51.3,5
653,2004-06-01,67.1,2.882,8.5,75.9,57.6,6
654,2004-07-01,71.6,2.882,8.5,79.5,63.3,7
655,2004-08-01,68.4,2.465,7.8,76.6,59.5,8
656,2004-09-01,66.2,3.22,7.9,75.4,56.3,9
657,2004-10-01,53.8,2.339,8.6,62.4,44.8,10
658,2004-11-01,44.6,3.248,9.4,51.8,37.2,11
659,2004-12-01,31.3,4.472,11.5,38.1,23.9,12
660,2005-01-01,27.7,5.894,10.1,34.2,20.7,1
661,2005-02-01,31.1,2.075,8.9,37.4,24.4,2
662,2005-03-01,32.7,1.654,9.9,39.9,25.2,3
663,2005-04-01,49.1,5.579,10.8,58.5,38.8,4
664,2005-05-01,55.4,1.437,8.5,65.3,45.1,5
665,2005-06-01,73.9,1.642,8.5,83.7,63.9,6
666,2005-07-01,75.4,3.24,7.6,84.6,65.8,7
667,2005-08-01,74.1,7.61,7.8,82.9,65.1,8
668,2005-09-01,67.3,3.551,7.6,77.0,57.4,9
669,2005-10-01,54.5,2.539,8.5,61.9,46.9,10
670,2005-11-01,44.8,2.657,13.0,53.1,36.1,11
671,2005-12-01,27.5,2.039,10.9,32.5,22.1,12
672,2006-01-01,37.8,1.917,11.8,44.8,32.4,1
673,2006-02-01,30.2,2.803,11.9,36.9,24.1,2
674,2006-03-01,37.9,1.543,10.3,44.6,30.6,3
675,2006-04-01,52.2,2.457,10.1,61.5,41.4,4
676,2006-05-01,59.0,4.543,8.6,68.0,49.6,5
677,2006-06-01,66.7,4.843,7.3,75.6,56.7,6
678,2006-07-01,74.3,4.465,8.0,82.8,65.7,7
679,2006-08-01,72.9,2.213,7.9,81.3,63.7,8
680,2006-09-01,62.1,3.146,8.6,70.2,54.3,9
681,2006-10-01,50.2,5.831,10.8,58.1,42.3,10
682,2006-11-01,44.8,3.402,8.3,52.5,37.2,11
683,2006-12-01,38.3,3.52,11.1,44.8,32.0,12
684,2007-01-01,31.5,5.846,11.7,37.8,24.4,1
685,2007-02-01,17.6,1.413,11.9,25.5,12.0,2
686,2007-03-01,40.6,3.709,11.6,48.9,31.3,3
687,2007-04-01,46.4,3.528,12.3,54.9,38.1,4
688,2007-05-01,62.4,0.661,8.2,72.9,51.1,5
689,2007-06-01,70.3,1.665,7.5,80.2,59.0,6
690,2007-07-01,71.4,2.567,7.6,80.6,61.2,7
691,2007-08-01,73.0,9.035,6.5,80.8,64.8,8
692,2007-09-01,66.9,2.122,6.6,76.6,56.8,9
693,2007-10-01,59.9,2.654,8.6,68.5,51.8,10
694,2007-11-01,41.2,4.075,9.8,48.7,34.0,11
695,2007-12-01,31.3,4.201,10.1,37.8,27.5,12
696,2008-01-01,28.4,3.315,12.4,37.4,22.8,1
697,2008-02-01,27.1,5.543,10.6,34.9,19.6,2
698,2008-03-01,33.3,5.472,10.9,40.6,26.4,3
699,2008-04-01,52.9,2.213,9.1,62.6,42.1,4
700,2008-05-01,55.4,4.177,9.3,65.5,47.1,5
701,2008-06-01,71.1,5.213,8.6,79.7,62.1,6
702,2008-07-01,73.9,3.028,7.5,82.8,64.2,7
703,2008-08-01,71.4,1.437,7.9,80.4,61.7,8
704,2008-09-01,66.2,3.791,7.3,75.6,56.8,9
705,2008-10-01,52.0,2.598,8.9,61.0,42.1,10
706,2008-11-01,40.1,3.976,9.8,46.6,33.8,11
707,2008-12-01,30.4,3.772,12.8,38.8,23.0,12
708,2009-01-01,18.1,2.665,9.8,26.6,12.2,1
709,2009-02-01,29.3,2.728,11.6,38.1,23.0,2
710,2009-03-01,40.3,3.343,9.9,50.4,28.9,3
711,2009-04-01,50.9,3.079,10.9,60.1,41.4,4
712,2009-05-01,60.8,2.35,8.5,70.3,49.6,5
713,2009-06-01,68.5,2.685,7.1,77.2,59.0,6
714,2009-07-01,70.3,3.756,7.2,78.4,61.5,7
715,2009-08-01,72.5,3.524,7.6,80.8,64.2,8
716,2009-09-01,65.8,3.846,7.6,73.8,57.0,9
717,2009-10-01,52.2,3.661,8.9,59.7,45.0,10
718,2009-11-01,47.8,1.453,8.7,54.9,40.5,11
719,2009-12-01,31.8,2.717,10.5,37.8,25.5,12
720,2010-01-01,27.5,1.693,10.2,32.0,22.3,1
721,2010-02-01,28.2,2.717,8.3,33.6,23.2,2
722,2010-03-01,42.3,1.811,8.6,51.1,33.4,3
723,2010-04-01,56.1,2.008,9.6,66.7,45.1,4
724,2010-05-01,64.9,4.055,8.9,73.9,55.8,5
725,2010-06-01,72.5,4.37,8.3,81.1,63.7,6
726,2010-07-01,75.9,3.583,6.9,85.6,66.0,7
727,2010-08-01,74.8,3.701,6.3,83.8,65.8,8
728,2010-09-01,66.2,2.953,9.4,75.2,57.4,9
729,2010-10-01,54.9,2.598,8.8,63.1,45.5,10
730,2010-11-01,43.2,4.606,8.8,53.1,33.4,11
731,2010-12-01,26.6,1.339,11.5,30.7,21.9,12
732,2011-01-01,23.7,1.929,9.2,28.8,17.4,1
733,2011-02-01,29.1,5.236,11.6,36.9,21.2,2
734,2011-03-01,36.5,3.583,10.3,43.5,29.1,3
735,2011-04-01,50.0,6.89,11.7,59.0,41.0,4
736,2011-05-01,61.7,7.756,8.3,70.9,52.7,5
737,2011-06-01,70.0,2.913,8.3,79.3,60.6,6
738,2011-07-01,77.5,7.48,6.8,87.3,67.8,7
739,2011-08-01,72.1,5.945,6.9,81.1,63.1,8
740,2011-09-01,65.7,8.307,7.8,72.7,58.5,9
741,2011-10-01,54.1,5.827,8.3,61.9,45.7,10
742,2011-11-01,48.4,4.528,11.4,55.8,40.1,11
743,2011-12-01,37.2,4.961,9.3,43.5,31.5,12
744,2012-01-01,32.5,3.228,11.8,39.4,25.5,1
745,2012-02-01,35.1,2.244,9.7,41.4,28.2,2
746,2012-03-01,52.0,3.898,10.3,61.3,41.5,3
747,2012-04-01,48.9,1.969,9.8,58.8,38.8,4
748,2012-05-01,64.9,1.457,7.4,75.9,54.1,5
749,2012-06-01,71.4,2.047,9.1,81.9,60.8,6
750,2012-07-01,77.9,4.331,8.0,87.3,68.7,7
751,2012-08-01,72.1,2.835,6.5,82.6,61.7,8
752,2012-09-01,63.0,7.559,6.6,72.0,53.8,9
753,2012-10-01,54.1,10.394,11.2,60.4,45.5,10
754,2012-11-01,40.5,0.748,7.2,48.4,32.4,11
755,2012-12-01,38.3,3.937,9.3,43.7,31.8,12
756,2013-01-01,30.6,2.165,11.5,37.2,23.5,1
757,2013-02-01,28.2,2.283,11.4,34.5,21.2,2
758,2013-03-01,33.3,2.244,10.9,39.9,27.7,3
759,2013-04-01,48.4,3.504,10.9,59.5,38.1,4
760,2013-05-01,62.1,2.362,10.1,73.6,53.2,5
761,2013-06-01,68.7,7.913,8.5,77.0,60.6,6
762,2013-07-01,75.0,4.921,7.7,81.9,65.8,7
763,2013-08-01,70.5,2.795,7.0,80.1,62.1,8
764,2013-09-01,65.5,1.969,8.1,74.3,55.8,9
765,2013-10-01,55.8,4.685,8.5,64.9,46.4,10
766,2013-11-01,40.3,2.874,12.1,47.1,33.3,11
767,2013-12-01,32.2,4.094,10.8,38.7,25.5,12
768,2014-01-01,21.9,2.008,13.2,29.7,13.6,1
769,2014-02-01,22.6,3.031,10.5,30.9,14.2,2
770,2014-03-01,32.2,2.205,11.4,41.4,23.2,3
771,2014-04-01,50.9,4.961,11.1,60.6,41.0,4
772,2014-05-01,60.8,4.213,8.6,70.5,51.3,5
773,2014-06-01,70.2,6.26,8.0,79.3,61.0,6
774,2014-07-01,69.4,3.976,8.2,77.9,60.6,7
775,2014-08-01,70.5,4.606,7.4,79.2,61.7,8
776,2014-09-01,63.5,4.488,7.1,72.9,53.1,9
777,2014-10-01,53.4,2.835,9.4,61.5,45.3,10
778,2014-11-01,37.0,3.661,12.4,43.9,30.2,11
779,2014-12-01,35.6,1.969,10.3,40.6,30.2,12
780,2015-01-01,23.2,2.937,11.4,30.6,15.8,1
781,2015-02-01,15.3,1.866,10.2,23.5,5.4,2
782,2015-03-01,33.8,1.976,9.9,42.6,25.2,3
783,2015-04-01,49.8,2.772,10.4,59.5,39.9,4
784,2015-05-01,64.4,4.098,8.7,74.7,53.6,5
785,2015-06-01,68.5,8.52,8.8,76.8,60.6,6
786,2015-07-01,72.0,2.732,7.2,80.8,61.9,7
787,2015-08-01,71.1,2.846,7.8,80.2,61.0,8
788,2015-09-01,68.9,4.909,8.1,77.9,59.5,9
789,2015-10-01,54.7,2.173,10.6,63.3,45.9,10
790,2015-11-01,48.6,2.319,10.5,57.0,39.4,11
791,2015-12-01,43.7,2.957,10.6,51.3,36.5,12
792,2016-01-01,28.2,1.378,12.0,35.6,20.7,1
793,2016-02-01,32.7,3.228,11.8,40.6,24.1,2
794,2016-03-01,44.4,4.177,10.3,53.8,35.8,3
795,2016-04-01,47.5,3.866,10.2,57.7,37.2,4
796,2016-05-01,61.0,3.319,8.1,70.5,50.5,5
797,2016-06-01,72.5,2.122,8.6,82.0,61.9,6
798,2016-07-01,77.2,1.827,7.5,86.5,66.9,7
799,2016-08-01,77.7,3.508,7.8,87.1,68.5,8
800,2016-09-01,70.5,5.386,7.7,80.1,61.0,9
801,2016-10-01,59.4,2.961,9.6,67.8,50.5,10
802,2016-11-01,48.7,2.114,9.9,57.7,39.7,11
803,2016-12-01,32.4,2.65,12.1,37.8,27.1,12
804,2017-01-01,34.7,4.791,10.8,41.4,28.4,1
805,2017-02-01,40.8,2.689,11.3,50.2,32.5,2
806,2017-03-01,39.7,4.024,11.9,47.1,31.8,3
807,2017-04-01,57.0,4.496,10.8,68.2,46.6,4
808,2017-05-01,60.6,6.094,10.2,68.7,51.8,5
809,2017-06-01,72.3,5.85,9.4,81.9,62.6,6
810,2017-07-01,75.4,2.472,7.7,83.5,66.7,7
811,2017-08-01,72.7,1.252,7.5,82.2,62.8,8
812,2017-09-01,68.7,0.811,7.1,79.7,58.3,9
813,2017-10-01,59.4,3.685,9.1,68.5,50.2,10
814,2017-11-01,43.3,5.965,10.4,51.8,35.8,11
815,2017-12-01,29.1,1.736,10.4,35.4,22.3,12
816,2018-01-01,26.8,2.283,12.0,35.1,19.0,1
817,2018-02-01,35.8,3.252,10.4,44.1,28.0,2
818,2018-03-01,34.5,4.004,10.7,41.4,27.5,3
819,2018-04-01,43.2,4.378,9.9,53.2,34.2,4
820,2018-05-01,66.7,5.72,8.5,77.4,56.5,5
821,2018-06-01,71.4,3.835,8.5,79.7,62.8,6
822,2018-07-01,75.6,6.689,7.1,84.4,66.7,7
823,2018-08-01,75.4,4.902,7.9,83.8,67.3,8
824,2018-09-01,70.7,4.343,8.0,78.8,62.6,9
825,2018-10-01,55.6,3.776,9.8,63.0,47.7,10
826,2018-11-01,38.3,5.472,10.0,42.6,33.6,11
827,2018-12-01,36.5,2.85,9.5,43.0,31.1,12
828,2019-01-01,28.0,3.189,12.2,34.9,20.8,1
829,2019-02-01,32.9,2.48,11.5,40.8,24.8,2
830,2019-03-01,36.0,3.071,10.6,44.1,27.7,3
831,2019-04-01,52.3,4.016,10.1,61.2,43.3,4
832,2019-05-01,61.5,4.134,9.0,71.4,51.6,5
833,2019-06-01,69.1,8.071,8.1,77.5,60.4,6
834,2019-07-01,77.4,2.638,7.8,86.2,68.2,7
835,2019-08-01,73.0,3.228,7.6,81.9,64.2,8
836,2019-09-01,71.2,1.299,8.0,81.3,61.2,9
837,2019-10-01,57.6,3.307,9.4,68.4,47.5,10
838,2019-11-01,38.8,1.693,10.1,46.2,31.6,11
839,2019-12-01,38.3,2.835,10.4,45.1,30.7,12
840,2020-01-01,36.3,2.992,10.6,42.4,30.2,1
841,2020-02-01,33.1,2.323,10.7,39.9,26.1,2
842,2020-03-01,44.2,5.354,10.0,52.9,35.6,3
843,2020-04-01,46.6,3.74,10.0,56.5,36.9,4
844,2020-05-01,58.1,6.929,9.4,67.3,48.6,5
845,2020-06-01,70.0,2.362,8.6,80.1,60.1,6
846,2020-07-01,76.8,5.118,7.5,87.1,66.4,7
847,2020-08-01,71.8,5.63,7.1,81.3,62.1,8
848,2020-09-01,64.8,5.787,8.3,73.9,54.9,9
849,2020-10-01,53.4,7.283,8.9,60.4,46.0,10
850,2020-11-01,48.0,3.386,11.2,56.3,39.4,11
851,2020-12-01,34.3,3.228,10.5,39.4,28.9,12
852,2021-01-01,30.7,1.693,8.9,35.2,26.2,1
853,2021-02-01,24.1,1.378,11.3,31.5,18.1,2
854,2021-03-01,44.4,1.299,11.1,55.6,33.4,3
855,2021-04-01,50.9,3.701,9.4,60.3,41.2,4
856,2021-05-01,58.5,3.11,8.4,68.9,47.7,5
857,2021-06-01,72.0,3.78,8.5,80.8,63.5,6
858,2021-07-01,73.0,7.913,7.8,81.1,64.2,7
859,2021-08-01,74.8,7.165,6.8,83.7,65.8,8
860,2021-09-01,68.0,3.031,9.1,76.8,58.6,9
861,2021-10-01,61.0,4.882,8.3,68.4,53.1,10
862,2021-11-01,41.9,1.969,9.9,49.8,33.6,11
863,2021-12-01,40.3,2.906,10.1,47.8,33.3,12
864,2022-01-01,24.6,2.465,11.1,31.3,16.2,1
865,2022-02-01,30.4,3.067,12.4,38.5,22.1,2
866,2022-03-01,41.7,3.354,10.8,51.4,32.0,3
867,2022-04-01,48.0,3.476,10.4,55.9,40.1,4
868,2022-05-01,63.9,4.358,9.4,72.9,54.7,5
869,2022-06-01,72.0,2.555,8.6,81.1,61.3,6
870,2022-07-01,75.0,4.646,8.3,83.3,65.8,7
871,2022-08-01,73.2,5.638,7.1,81.9,64.2,8
872,2022-09-01,66.0,3.602,7.9,73.9,57.7,9
873,2022-10-01,53.6,3.343,10.1,63.5,44.2,10
874,2022-11-01,45.7,2.465,10.9,53.4,37.4,11
875,2022-12-01,34.2,1.201,10.9,40.6,28.6,12
876,2023-01-01,36.7,5.547,9.8,41.7,31.3,1
877,2023-02-01,37.0,2.843,11.1,48.2,28.9,2
878,2023-03-01,39.0,3.559,11.0,47.3,32.0,3
879,2023-04-01,52.5,2.449,9.4,63.0,41.4,4
880,2023-05-01,59.4,2.547,8.0,69.4,47.5,5
881,2023-06-01,67.6,3.992,7.9,77.0,57.4,6
882,2023-07-01,73.6,6.756,6.7,82.2,64.6,7
883,2023-08-01,70.7,6.374,7.6,79.0,62.4,8
884,2023-09-01,67.1,0.772,6.8,75.2,58.8,9
885,2023-10-01,56.7,4.913,9.1,64.4,49.5,10
886,2023-11-01,43.5,1.941,9.7,52.0,34.7,11
887,2023-12-01,41.9,3.331,8.5,47.5,36.7,12
