,date,tavg,tmin,tmax,prcp,wspd,pres,tsun
0,1950-01-01,36.3,27.7,45.9,7.02,12.6,1021.5,
1,1950-02-01,27.9,21.9,36.5,4.646,11.7,1019.8,
2,1950-03-01,30.6,24.4,41.5,4.268,13.5,1015.6,
3,1950-04-01,41.0,33.8,52.0,5.909,13.5,1016.2,
4,1950-05-01,58.5,48.6,72.7,3.217,10.2,1015.7,
5,1950-06-01,65.7,57.0,79.3,3.772,10.2,1015.0,
6,1950-07-01,68.4,59.9,82.0,5.157,8.0,1016.9,
7,1950-08-01,67.8,59.2,82.0,1.811,6.9,1017.2,
8,1950-09-01,60.3,54.7,74.3,3.839,7.8,1018.4,
9,1950-10-01,53.6,47.7,67.6,1.728,8.0,1018.0,
10,1950-11-01,36.0,29.8,45.0,6.449,12.5,1014.2,
11,1950-12-01,24.4,18.1,32.2,2.606,10.4,1017.3,
12,1951-01-01,28.6,23.5,36.3,3.724,11.7,1018.2,
13,1951-02-01,28.2,22.1,37.8,3.795,11.2,1022.3,
14,1951-03-01,35.8,29.7,46.6,4.807,11.9,1015.7,
15,1951-04-01,45.1,36.9,56.7,2.693,10.9,1012.6,
16,1951-05-01,59.0,48.9,72.7,2.602,9.1,,
17,1951-06-01,66.9,58.1,79.9,3.248,7.8,1014.2,
18,1951-07-01,70.5,62.2,84.9,3.469,7.3,1016.0,
19,1951-08-01,67.6,58.8,81.9,2.429,6.5,1016.5,
20,1951-09-01,60.6,52.0,73.9,4.492,8.5,1017.7,
21,1951-10-01,54.1,47.1,68.5,1.531,8.7,1019.7,
22,1951-11-01,34.2,28.4,42.8,5.85,11.7,1019.1,
23,1951-12-01,29.7,22.6,38.1,5.602,12.4,1017.8,
24,1952-01-01,,24.6,39.7,5.024,11.6,1019.0,
25,1952-02-01,30.2,25.3,39.0,2.193,10.3,1015.2,
26,1952-03-01,34.2,28.8,44.6,3.287,11.4,1015.2,
27,1952-04-01,48.6,39.9,60.3,3.815,10.9,1015.1,
28,1952-05-01,55.2,47.7,68.2,2.74,9.5,1013.3,
29,1952-06-01,69.8,61.5,84.9,1.48,8.1,1014.2,
30,1952-07-01,73.4,64.2,88.5,1.232,7.7,1019.0,
31,1952-08-01,68.5,60.6,83.5,1.984,6.6,1017.1,
32,1952-09-01,62.4,53.6,77.5,3.028,7.1,1019.4,
33,1952-10-01,46.0,38.5,59.9,0.61,9.6,1019.5,
34,1952-11-01,42.1,35.6,52.3,2.496,10.6,1018.0,
35,1952-12-01,32.7,29.5,40.3,2.701,10.9,1018.0,
36,1953-01-01,32.5,26.6,40.5,4.035,10.9,1014.7,
37,1953-02-01,31.5,25.3,41.9,1.224,12.3,1017.1,
38,1953-03-01,37.4,32.2,48.0,2.055,11.5,1017.3,
39,1953-04-01,43.9,37.0,54.0,2.827,11.4,1010.6,
40,1953-05-01,59.7,50.9,72.9,4.004,8.6,1014.0,
41,1953-06-01,68.2,59.5,83.3,3.307,8.0,1017.0,
42,1953-07-01,70.9,62.6,86.0,3.083,6.4,1018.3,
43,1953-08-01,70.2,61.0,86.0,3.866,6.4,1018.7,
44,1953-09-01,62.8,53.2,77.9,1.571,8.3,1017.0,
45,1953-10-01,53.6,44.6,70.2,1.287,8.0,1020.0,
46,1953-11-01,42.8,37.8,52.5,2.327,10.0,1020.0,
47,1953-12-01,32.7,26.6,41.5,2.626,13.1,1016.6,
48,1954-01-01,27.0,20.5,36.3,3.122,11.5,1020.4,
49,1954-02-01,33.8,28.4,44.2,2.89,11.4,1014.1,
50,1954-03-01,33.3,26.6,43.5,6.079,12.6,1013.9,
51,1954-04-01,52.0,43.5,65.5,5.366,10.6,1019.9,
52,1954-05-01,54.7,46.8,68.0,1.047,8.9,1015.3,
53,1954-06-01,68.2,61.2,82.9,1.386,8.6,1015.0,
54,1954-07-01,70.5,60.3,85.8,1.492,7.6,1015.5,
55,1954-08-01,67.5,61.2,81.3,3.157,7.5,1016.4,
56,1954-09-01,64.0,57.9,77.7,1.984,8.6,1016.7,
57,1954-10-01,53.8,47.8,64.4,9.488,10.7,1018.5,
58,1954-11-01,39.9,35.2,50.0,1.343,12.5,1017.9,
59,1954-12-01,29.7,26.4,37.6,2.335,13.7,1017.1,
60,1955-01-01,24.6,20.7,33.3,2.228,11.3,1017.8,
61,1955-02-01,28.8,23.5,38.1,2.693,9.8,1023.0,
62,1955-03-01,36.9,28.4,48.6,5.587,,1014.1,
63,1955-04-01,53.4,44.8,67.1,3.724,10.9,1014.3,
64,1955-05-01,60.3,51.6,73.8,5.008,9.3,1016.5,
65,1955-06-01,64.9,56.5,79.3,2.681,6.8,1015.2,
66,1955-07-01,75.2,68.4,90.0,2.508,6.5,1017.5,
67,1955-08-01,72.7,66.4,85.6,3.819,7.5,1016.3,
68,1955-09-01,63.5,56.1,78.3,1.61,7.5,1019.6,
69,1955-10-01,52.3,45.1,64.4,5.886,9.6,1015.5,
70,1955-11-01,36.9,30.6,46.8,2.874,12.2,1016.2,
71,1955-12-01,27.0,22.1,34.5,0.969,10.9,1022.0,
72,1956-01-01,25.3,22.1,33.1,2.76,10.1,1018.9,
73,1956-02-01,29.8,24.3,38.3,3.224,10.8,1017.0,
74,1956-03-01,33.4,27.7,44.2,4.61,11.6,1016.3,
75,1956-04-01,44.6,36.7,55.0,3.614,10.8,1012.7,
76,1956-05-01,55.2,47.7,68.0,5.488,11.5,1018.7,
77,1956-06-01,66.2,58.6,78.6,4.142,9.3,1017.1,
78,1956-07-01,68.9,63.1,80.2,3.748,9.6,1015.8,
79,1956-08-01,68.5,63.0,80.4,5.146,9.8,1016.2,
80,1956-09-01,58.6,51.3,71.1,1.559,9.9,1019.1,
81,1956-10-01,54.5,48.2,69.1,0.854,10.4,1023.2,
82,1956-11-01,40.6,34.0,51.4,1.15,12.9,1017.5,
83,1956-12-01,36.5,31.5,44.6,2.713,12.5,1016.3,
84,1957-01-01,22.3,16.5,29.5,2.035,11.8,1022.6,
85,1957-02-01,31.5,26.1,39.9,1.406,10.9,1020.8,
86,1957-03-01,36.5,30.6,45.7,1.508,11.9,1015.0,
87,1957-04-01,49.1,42.3,59.2,5.787,11.2,1019.6,
88,1957-05-01,58.3,49.3,68.9,4.602,10.4,1017.5,
89,1957-06-01,68.4,60.8,79.7,5.846,10.6,1014.9,
90,1957-07-01,70.2,62.8,81.3,3.252,9.4,1016.5,
91,1957-08-01,67.6,60.4,80.1,2.311,8.8,1019.1,
92,1957-09-01,62.1,55.4,74.5,2.622,10.1,1018.9,
93,1957-10-01,48.9,43.7,59.7,2.638,10.4,1021.7,
94,1957-11-01,40.6,35.2,50.4,2.268,13.4,1017.9,
95,1957-12-01,34.0,28.9,43.2,3.382,14.4,1017.8,
96,1958-01-01,25.9,22.1,34.2,1.492,12.8,1016.3,
97,1958-02-01,20.7,17.2,29.3,0.969,14.8,1012.8,
98,1958-03-01,33.6,30.4,40.6,0.783,10.7,1016.8,
99,1958-04-01,49.3,41.0,61.7,3.311,11.7,1015.6,
100,1958-05-01,57.0,48.0,69.6,2.138,11.5,1016.8,
101,1958-06-01,62.6,54.0,74.7,4.669,10.4,1014.9,
102,1958-07-01,70.7,65.1,81.7,4.819,9.3,1016.2,
103,1958-08-01,68.0,60.4,80.2,3.98,8.9,1015.2,
104,1958-09-01,61.9,56.1,73.6,3.626,10.2,1018.2,
105,1958-10-01,51.3,46.0,64.2,1.63,11.5,1018.5,
106,1958-11-01,42.6,37.0,51.8,4.76,13.0,1016.6,
107,1958-12-01,21.2,15.4,31.3,0.713,12.2,1022.0,
108,1959-01-01,22.5,15.4,32.5,4.622,13.6,1018.0,
109,1959-02-01,27.9,20.5,37.6,4.236,13.1,1019.6,
110,1959-03-01,34.0,27.7,45.3,2.142,12.7,1015.7,
111,1959-04-01,48.0,40.1,59.4,4.701,11.0,1015.1,
112,1959-05-01,61.7,53.6,75.0,4.713,8.9,1018.5,
113,1959-06-01,67.1,59.7,80.1,1.823,9.5,1015.7,
114,1959-07-01,70.7,63.5,83.1,4.323,8.5,1018.6,
115,1959-08-01,72.9,66.9,85.3,1.858,7.8,1016.2,
116,1959-09-01,65.7,59.4,78.4,3.075,9.1,1020.1,
117,1959-10-01,51.8,46.2,62.2,3.567,10.6,1015.6,
118,1959-11-01,36.7,30.7,47.5,2.961,12.7,1018.4,
119,1959-12-01,33.6,30.0,41.9,2.398,11.5,1018.9,
120,1960-01-01,29.7,24.8,37.8,2.339,12.9,1018.4,
121,1960-02-01,27.1,23.9,35.2,1.874,14.5,1014.5,
122,1960-03-01,24.6,15.8,32.2,2.063,12.3,1019.2,
123,1960-04-01,52.0,39.4,62.6,2.783,12.6,1015.3,
124,1960-05-01,56.3,47.5,66.2,3.563,10.9,1012.4,
125,1960-06-01,66.0,54.7,76.8,3.008,10.1,1015.3,
126,1960-07-01,67.8,56.8,78.4,3.331,8.0,1016.3,
127,1960-08-01,69.4,59.5,80.1,6.953,7.4,1017.4,
128,1960-09-01,64.6,55.0,74.8,1.843,6.8,1018.4,
129,1960-10-01,50.7,40.1,61.9,1.02,8.0,1016.9,
130,1960-11-01,42.3,33.6,51.3,2.079,11.1,1018.4,
131,1960-12-01,,14.9,30.9,1.091,11.9,1022.5,
132,1961-01-01,21.7,14.7,28.4,0.366,11.0,1019.6,
133,1961-02-01,31.6,23.0,40.3,3.232,10.1,1018.9,
134,1961-03-01,38.7,31.5,48.4,3.205,12.2,1015.1,
135,1961-04-01,41.7,34.7,52.2,6.61,10.8,1010.5,
136,1961-05-01,53.2,43.2,65.5,1.311,10.6,1018.1,
137,1961-06-01,65.1,53.6,76.3,2.949,8.3,1015.5,
138,1961-07-01,70.7,60.6,82.0,4.303,7.6,1016.1,
139,1961-08-01,70.0,61.0,80.8,4.276,7.0,1018.8,
140,1961-09-01,66.7,58.3,78.8,2.358,8.0,1019.4,
141,1961-10-01,54.1,46.6,66.9,2.154,9.4,1019.1,
142,1961-11-01,40.8,34.7,50.2,2.78,10.0,1019.7,
143,1961-12-01,28.2,22.8,36.7,1.843,11.6,1017.8,
144,1962-01-01,22.3,16.0,31.8,2.831,11.9,1020.2,
145,1962-02-01,25.7,18.5,33.4,1.858,12.1,1017.9,
146,1962-03-01,33.1,26.4,41.2,1.732,11.4,1017.2,
147,1962-04-01,46.6,37.2,57.6,1.78,10.6,1017.0,
148,1962-05-01,63.5,53.8,76.1,1.913,9.5,1017.8,
149,1962-06-01,67.6,57.7,78.1,2.949,8.0,1017.4,
150,1962-07-01,68.5,59.0,79.9,3.425,8.3,1015.8,
151,1962-08-01,68.7,57.9,82.2,1.303,8.3,1016.8,
152,1962-09-01,58.8,51.8,72.1,4.394,8.8,1017.8,
153,1962-10-01,52.3,45.0,64.0,3.598,9.4,1016.1,
154,1962-11-01,38.7,34.9,49.8,2.772,9.3,1020.2,
155,1962-12-01,24.1,18.3,33.4,3.055,12.2,1018.1,
156,1963-01-01,18.5,10.0,25.9,1.063,9.9,1019.7,
157,1963-02-01,18.7,8.1,27.0,0.732,11.2,1018.1,
158,1963-03-01,38.1,29.8,48.2,2.839,11.6,1015.8,
159,1963-04-01,47.8,38.3,58.5,2.409,12.1,1015.0,
160,1963-05-01,55.0,43.7,65.7,1.0,10.3,1018.5,
161,1963-06-01,66.4,55.6,79.7,1.937,7.7,1015.7,
162,1963-07-01,69.6,60.1,82.4,1.886,8.2,1016.0,
163,1963-08-01,64.8,56.8,76.5,1.705,7.8,1016.3,
164,1963-09-01,58.6,48.9,71.6,1.996,8.2,1020.1,
165,1963-10-01,57.7,47.5,71.2,0.709,8.2,1021.3,
166,1963-11-01,43.0,37.2,50.4,1.339,11.5,1015.7,
167,1963-12-01,20.7,16.9,27.0,1.055,10.9,1019.0,
168,1964-01-01,27.9,23.0,36.5,1.465,12.4,1016.0,
169,1964-02-01,24.1,18.1,32.7,1.5,9.9,1013.3,
170,1964-03-01,36.3,28.8,45.3,5.213,11.6,1015.0,
171,1964-04-01,48.4,39.0,58.6,4.874,11.2,1017.5,
172,1964-05-01,61.2,50.7,70.7,3.016,9.9,1017.2,
173,1964-06-01,66.7,56.8,78.1,2.063,9.0,1016.5,
174,1964-07-01,71.1,62.2,82.2,3.37,8.3,1016.2,
175,1964-08-01,66.2,58.8,76.3,3.823,8.8,1016.0,
176,1964-09-01,62.1,53.8,73.2,0.74,9.3,1019.4,
177,1964-10-01,48.6,38.3,59.9,1.791,9.3,1019.8,
178,1964-11-01,45.1,35.1,53.2,0.929,10.8,1019.4,
179,1964-12-01,31.5,25.5,39.0,2.673,11.1,1019.6,
180,1965-01-01,,19.9,34.3,4.457,,,6336.0
181,1965-02-01,,18.9,37.0,3.004,,,7692.0
182,1965-03-01,,25.0,38.5,1.657,,,8508.0
183,1965-04-01,,35.8,55.4,1.839,,,11190.0
184,1965-05-01,,52.2,74.3,2.295,,,16296.0
185,1965-06-01,,56.5,77.2,3.055,,,17058.0
186,1965-07-01,,58.1,79.9,3.012,,,20532.0
187,1965-08-01,,58.8,78.4,3.579,,,13968.0
188,1965-09-01,,57.9,76.8,2.524,,,10014.0
189,1965-10-01,,42.4,60.1,2.547,,,9498.0
190,1965-11-01,,33.6,51.3,1.89,,,5280.0
191,1965-12-01,,31.3,43.3,2.079,,,5238.0
192,1966-01-01,,15.1,28.8,1.531,,,5904.0
193,1966-02-01,,20.3,33.1,2.323,,,6714.0
194,1966-03-01,,28.2,47.3,2.26,,,8106.0
195,1966-04-01,,37.9,54.5,3.606,,,8940.0
196,1966-05-01,,43.9,64.4,2.209,,,15900.0
197,1966-06-01,,57.2,80.6,1.827,,,23262.0
198,1966-07-01,,61.5,84.0,3.89,,,19332.0
199,1966-08-01,,58.5,79.2,3.484,,,14310.0
200,1966-09-01,,50.9,70.9,1.669,,,16854.0
201,1966-10-01,,39.6,61.0,1.185,,,13248.0
202,1966-11-01,,35.2,50.5,5.165,,,4680.0
203,1966-12-01,,25.0,36.0,2.839,,,3606.0
204,1967-01-01,,25.2,39.6,0.98,,,6318.0
205,1967-02-01,,18.5,33.3,2.362,,,7740.0
206,1967-03-01,,29.5,44.8,2.083,,,11172.0
207,1967-04-01,,39.6,59.7,3.126,,,13398.0
208,1967-05-01,,43.7,61.0,3.819,,,14250.0
209,1967-06-01,,60.6,82.8,1.173,,,16602.0
210,1967-07-01,,59.7,79.7,1.906,,,14856.0
211,1967-08-01,,58.8,78.8,1.85,,,13056.0
212,1967-09-01,,50.2,73.0,2.075,,,13404.0
213,1967-10-01,,44.4,63.5,2.118,,,10266.0
214,1967-11-01,,33.1,44.2,2.882,,,4452.0
215,1967-12-01,,28.4,41.0,2.469,,,4194.0
216,1968-01-01,,15.6,30.4,3.276,,,6408.0
217,1968-02-01,,14.4,30.7,0.795,,,10092.0
218,1968-03-01,,28.4,46.6,2.075,,,13224.0
219,1968-04-01,,38.7,60.3,2.252,,,14148.0
220,1968-05-01,,45.7,63.1,4.083,,,10920.0
221,1968-06-01,,56.1,76.8,2.323,,,14178.0
222,1968-07-01,,59.5,80.4,3.587,,,15522.0
223,1968-08-01,,62.1,81.3,1.823,,,16230.0
224,1968-09-01,,54.1,73.6,3.354,,,14370.0
225,1968-10-01,,42.3,61.9,2.906,,,11142.0
226,1968-11-01,,35.6,49.1,4.35,,,3654.0
227,1968-12-01,,23.5,36.3,3.945,,,1446.0
228,1969-01-01,,18.5,32.4,2.854,,,6024.0
229,1969-02-01,,22.3,33.4,0.752,,,7944.0
230,1969-03-01,,26.8,41.7,1.819,,,12228.0
231,1969-04-01,,39.0,59.7,4.488,,,13668.0
232,1969-05-01,,48.0,69.1,5.732,,,17844.0
233,1969-06-01,,56.1,74.8,4.61,,,14976.0
234,1969-07-01,,64.0,80.8,6.469,,,14994.0
235,1969-08-01,,60.4,83.1,0.528,,,18858.0
236,1969-09-01,,54.7,72.5,4.917,,,11226.0
237,1969-10-01,,42.6,61.0,1.906,,,10980.0
238,1969-11-01,,34.9,45.5,2.866,,,3744.0
239,1969-12-01,,22.1,32.2,2.472,,,1764.0
240,1970-01-01,,12.2,25.3,1.287,,,4992.0
241,1970-02-01,,19.8,34.7,1.354,,,9084.0
242,1970-03-01,,27.3,40.1,2.327,,,8520.0
243,1970-04-01,,39.9,60.4,2.642,,,13908.0
244,1970-05-01,,51.6,73.8,2.957,,,18948.0
245,1970-06-01,,60.3,79.3,4.98,,,19716.0
246,1970-07-01,,62.6,81.3,4.146,,,17820.0
247,1970-08-01,,59.4,80.4,0.921,,,18234.0
248,1970-09-01,,55.9,76.1,3.161,,,13950.0
249,1970-10-01,,45.9,63.0,3.976,,,9702.0
250,1970-11-01,,35.2,47.8,3.693,,,4794.0
251,1970-12-01,,25.9,38.5,2.252,,,5826.0
252,1971-01-01,,13.5,29.3,1.354,,,7500.0
253,1971-02-01,,20.8,34.9,3.693,,,6486.0
254,1971-03-01,,23.9,39.2,2.008,,,9648.0
255,1971-04-01,,32.7,53.6,1.24,,,14604.0
256,1971-05-01,,45.5,67.6,3.291,,,19200.0
257,1971-06-01,,61.0,81.0,3.787,,,17778.0
258,1971-07-01,,59.2,79.9,3.72,,,18324.0
259,1971-08-01,,57.9,79.9,0.909,,,17574.0
260,1971-09-01,,58.8,76.6,4.268,,,10668.0
261,1971-10-01,,50.4,69.4,1.61,,,12474.0
262,1971-11-01,,33.6,49.1,2.016,,,4590.0
263,1971-12-01,,30.6,45.7,3.909,,,5760.0
264,1972-01-01,,18.9,35.8,1.961,,,8538.0
265,1972-02-01,,17.6,33.8,2.024,,,7302.0
266,1972-03-01,,26.2,43.3,2.969,,,7518.0
267,1972-04-01,,36.1,55.8,3.398,,,12948.0
268,1972-05-01,,48.9,68.4,3.748,,,17046.0
269,1972-06-01,,53.2,72.1,9.071,,,13488.0
270,1972-07-01,,62.2,80.6,4.437,,,17454.0
271,1972-08-01,,59.7,78.1,6.386,,,16380.0
272,1972-09-01,,55.2,72.3,4.913,,,11082.0
273,1972-10-01,,41.2,56.8,1.65,,,8382.0
274,1972-11-01,,35.4,43.9,4.587,,,2304.0
275,1972-12-01,,29.1,39.9,3.268,,,858.0
276,1973-01-01,30.2,23.2,37.4,1.63,12.9,1019.2,7278.0
277,1973-02-01,28.2,20.8,34.7,2.406,10.5,1021.6,7320.0
278,1973-03-01,46.4,38.1,54.9,3.488,11.3,1015.6,8940.0
279,1973-04-01,,41.7,58.5,3.402,,,11634.0
280,1973-05-01,56.1,48.4,64.9,4.799,10.0,1011.7,10128.0
281,1973-06-01,70.2,60.6,80.1,6.717,8.6,1014.6,16362.0
282,1973-07-01,72.7,63.5,81.5,2.945,8.1,1015.8,19254.0
283,1973-08-01,73.0,64.2,82.2,3.11,7.1,1017.6,15270.0
284,1973-09-01,66.6,55.8,76.8,2.693,7.6,1018.6,14442.0
285,1973-10-01,57.6,48.4,66.9,3.949,8.1,1017.0,10380.0
286,1973-11-01,45.0,37.6,51.6,2.622,11.8,1017.2,4770.0
287,1973-12-01,34.5,28.9,39.7,3.535,12.2,1018.1,4488.0
288,1974-01-01,,23.5,40.5,2.571,,,5526.0
289,1974-02-01,28.4,20.7,34.9,2.441,12.4,1015.9,8010.0
290,1974-03-01,39.4,31.8,47.3,3.89,12.6,1015.6,8820.0
291,1974-04-01,51.8,41.2,61.3,3.646,12.7,1015.7,13302.0
292,1974-05-01,56.8,46.8,66.0,4.776,10.4,1014.1,14616.0
293,1974-06-01,66.4,57.2,75.2,3.571,10.2,1013.7,16488.0
294,1974-07-01,73.0,60.8,83.3,1.902,8.5,1016.9,22764.0
295,1974-08-01,70.3,60.3,80.6,3.295,8.1,1018.0,16404.0
296,1974-09-01,60.1,50.2,69.6,3.063,9.3,1018.2,12210.0
297,1974-10-01,50.9,41.9,60.6,1.197,9.7,1023.6,10800.0
298,1974-11-01,42.8,35.8,50.2,4.72,11.1,1017.4,5022.0
299,1974-12-01,31.8,27.1,36.1,4.858,10.8,1017.1,3072.0
300,1975-01-01,31.8,25.3,38.3,3.059,13.0,1017.8,5352.0
301,1975-02-01,,24.1,36.7,3.205,,,5358.0
302,1975-03-01,34.3,27.3,41.9,3.469,11.8,1015.5,8070.0
303,1975-04-01,41.7,33.4,50.0,1.307,11.2,1017.9,13554.0
304,1975-05-01,63.0,51.8,72.7,3.24,8.3,1014.5,18108.0
305,1975-06-01,69.6,61.0,78.4,4.11,9.6,1015.6,18558.0
306,1975-07-01,71.6,60.3,82.2,2.539,7.5,1015.6,22326.0
307,1975-08-01,72.0,63.7,81.0,8.957,8.0,1017.8,14772.0
308,1975-09-01,58.6,50.9,66.4,3.354,8.7,1019.3,13146.0
309,1975-10-01,54.0,43.7,63.9,1.736,9.9,1020.1,11652.0
310,1975-11-01,46.9,38.7,55.4,2.091,11.7,1018.8,6918.0
311,1975-12-01,32.2,26.1,37.9,3.772,11.1,1020.5,2688.0
312,1976-01-01,21.9,14.4,28.8,3.394,13.1,1019.2,3162.0
313,1976-02-01,35.8,26.4,45.5,3.98,14.0,1015.3,7368.0
314,1976-03-01,44.8,35.2,54.7,3.114,13.9,1015.4,10734.0
315,1976-04-01,,38.7,59.5,2.169,,,16284.0
316,1976-05-01,55.9,45.1,65.5,2.937,10.3,1014.6,16530.0
317,1976-06-01,70.0,59.2,79.9,3.642,8.9,1016.3,18600.0
318,1976-07-01,71.8,61.5,81.7,3.476,8.7,1015.4,
319,1976-08-01,68.5,57.9,78.8,3.508,6.8,1020.4,
320,1976-09-01,61.2,49.5,72.7,3.709,8.7,1017.6,15240.0
321,1976-10-01,47.8,39.6,56.7,2.543,10.3,1018.7,9390.0
322,1976-11-01,33.4,24.6,42.6,0.807,10.9,1016.9,8112.0
323,1976-12-01,23.9,13.6,32.9,1.575,11.3,1016.8,
324,1977-01-01,11.5,2.5,19.4,1.299,12.4,1016.1,
325,1977-02-01,25.7,16.7,33.1,1.39,11.8,1015.7,10152.0
326,1977-03-01,42.3,32.5,52.9,4.496,11.6,1016.1,12972.0
327,1977-04-01,,39.7,63.0,3.567,,,11952.0
328,1977-05-01,62.4,48.9,74.7,1.02,8.4,1018.1,20454.0
329,1977-06-01,63.9,52.2,74.5,4.913,8.6,1014.6,18096.0
330,1977-07-01,73.4,62.6,83.5,3.949,9.0,1017.9,22512.0
331,1977-08-01,69.6,61.0,78.3,3.921,9.2,1017.7,20298.0
332,1977-09-01,65.7,56.7,74.5,2.524,9.3,1016.5,11862.0
333,1977-10-01,49.3,44.1,61.0,1.929,10.4,1019.0,8796.0
334,1977-11-01,45.3,38.1,52.7,3.614,11.8,1018.6,2226.0
335,1977-12-01,29.3,21.0,37.4,3.52,13.5,1015.6,1794.0
336,1978-01-01,20.7,11.8,28.2,3.677,13.0,1018.3,2484.0
337,1978-02-01,16.9,6.8,26.6,0.484,8.3,,9456.0
338,1978-03-01,32.9,23.2,41.7,2.173,10.3,1018.7,9102.0
339,1978-04-01,,35.8,58.1,3.024,,,14664.0
340,1978-05-01,59.2,49.1,69.6,3.008,8.9,1014.8,12924.0
341,1978-06-01,69.3,58.1,79.9,3.307,8.9,1017.6,17382.0
342,1978-07-01,72.3,62.1,82.2,2.402,8.8,1016.4,14604.0
343,1978-08-01,72.7,63.0,82.9,3.583,8.0,1018.9,14424.0
344,1978-09-01,68.5,58.1,80.4,3.677,9.0,1018.8,14808.0
345,1978-10-01,52.3,43.2,63.3,3.236,10.1,1019.8,8742.0
346,1978-11-01,44.2,35.1,53.2,1.193,10.5,1022.2,7086.0
347,1978-12-01,33.3,26.1,41.2,2.961,13.5,1018.2,7308.0
348,1979-01-01,22.3,15.1,28.8,2.614,12.6,1017.5,6228.0
349,1979-02-01,19.4,10.2,27.9,2.74,11.8,1023.6,5418.0
350,1979-03-01,41.9,32.2,53.4,2.346,12.2,1017.9,7590.0
351,1979-04-01,,37.0,56.1,3.098,,,8118.0
352,1979-05-01,57.0,45.7,68.0,4.772,8.9,1016.0,
353,1979-06-01,66.9,56.5,77.4,3.48,9.6,1017.7,19014.0
354,1979-07-01,71.2,61.3,80.8,3.764,8.5,1017.3,14574.0
355,1979-08-01,70.9,62.2,80.8,4.469,9.6,1017.1,11136.0
356,1979-09-01,65.1,54.9,75.0,3.661,9.1,1018.5,13416.0
357,1979-10-01,52.0,45.1,59.5,1.799,12.1,1014.0,4764.0
358,1979-11-01,42.4,34.0,50.7,3.169,12.2,1019.1,5346.0
359,1979-12-01,33.8,26.4,40.8,4.012,12.9,1020.5,4326.0
360,1980-01-01,26.1,18.7,32.4,1.185,12.1,1019.8,3558.0
361,1980-02-01,22.5,15.4,28.2,1.268,10.9,1020.9,4524.0
362,1980-03-01,33.8,25.5,41.5,3.661,12.4,1017.1,7440.0
363,1980-04-01,,36.5,55.8,2.657,,,10422.0
364,1980-05-01,59.2,47.5,69.4,3.126,9.4,1014.5,14238.0
365,1980-06-01,64.4,52.2,75.9,2.689,9.4,1015.7,17430.0
366,1980-07-01,72.7,61.3,83.3,4.776,9.0,1015.1,17388.0
367,1980-08-01,73.0,64.9,81.3,4.382,9.4,1016.7,12216.0
368,1980-09-01,64.8,54.7,74.7,3.11,9.6,1018.5,16530.0
369,1980-10-01,48.0,39.0,56.7,2.398,11.1,1017.0,13428.0
370,1980-11-01,39.6,32.2,46.6,1.295,12.7,1019.4,7518.0
371,1980-12-01,28.9,21.7,35.2,2.102,11.7,1022.5,4920.0
372,1981-01-01,20.7,13.1,27.0,0.772,11.3,1019.4,6540.0
373,1981-02-01,31.3,23.0,39.9,2.728,13.6,1019.8,6390.0
374,1981-03-01,36.1,27.7,44.2,1.618,12.2,1014.7,10962.0
375,1981-04-01,,40.1,61.0,4.634,,,11748.0
376,1981-05-01,56.1,45.9,65.5,2.193,9.4,1015.9,13506.0
377,1981-06-01,69.1,57.9,78.3,4.685,10.4,,18576.0
378,1981-07-01,72.0,61.5,81.1,5.311,8.7,1017.5,19176.0
379,1981-08-01,70.0,60.6,79.3,2.618,8.7,1017.7,14904.0
380,1981-09-01,62.6,54.7,70.2,6.752,9.7,1016.8,10230.0
381,1981-10-01,50.4,40.6,59.4,2.331,10.5,1020.2,11166.0
382,1981-11-01,41.7,33.6,51.6,1.988,9.4,1018.5,8862.0
383,1981-12-01,30.9,25.5,35.6,3.449,10.4,1017.7,4074.0
384,1982-01-01,20.1,10.8,28.9,4.004,14.6,1017.9,5124.0
385,1982-02-01,25.3,17.8,32.5,1.409,10.9,1023.6,7296.0
386,1982-03-01,36.9,27.9,46.2,3.772,13.1,1018.4,10656.0
387,1982-04-01,,33.6,55.4,1.618,,,16164.0
388,1982-05-01,65.1,53.6,76.1,2.65,7.0,1017.3,17580.0
389,1982-06-01,64.8,54.1,74.1,5.008,9.0,1014.5,14700.0
390,1982-07-01,74.3,63.0,84.0,1.209,8.4,1017.1,19068.0
391,1982-08-01,68.9,57.2,78.6,2.661,8.5,1018.6,14934.0
392,1982-09-01,63.1,52.9,72.5,4.815,8.5,1019.2,10146.0
393,1982-10-01,55.0,45.7,64.9,0.933,10.0,1020.8,9504.0
394,1982-11-01,45.3,37.9,52.9,5.169,12.6,1021.5,4464.0
395,1982-12-01,40.8,33.3,47.7,3.689,13.2,1020.6,3150.0
396,1983-01-01,30.6,24.6,36.7,1.087,11.8,1020.3,4362.0
397,1983-02-01,33.3,25.9,41.7,0.78,9.3,1019.1,6924.0
398,1983-03-01,40.8,32.4,49.3,3.547,11.2,1013.1,10230.0
399,1983-04-01,,38.8,55.6,4.48,,,8766.0
400,1983-05-01,55.9,45.3,66.0,4.177,11.6,1015.1,14430.0
401,1983-06-01,69.4,58.3,79.7,3.449,7.8,1017.2,18918.0
402,1983-07-01,75.4,64.6,85.6,4.157,9.4,1017.6,21216.0
403,1983-08-01,74.1,63.7,83.7,3.154,8.3,1017.9,19314.0
404,1983-09-01,65.3,54.3,75.9,2.87,10.1,1019.8,18504.0
405,1983-10-01,53.6,45.1,61.7,4.138,10.5,1021.2,9312.0
406,1983-11-01,43.5,36.7,50.9,5.882,11.4,1014.1,5346.0
407,1983-12-01,23.2,17.2,29.1,2.929,13.0,1021.5,2316.0
408,1984-01-01,21.4,14.2,27.1,1.26,11.1,1022.9,5940.0
409,1984-02-01,34.3,26.4,42.4,3.823,11.7,1016.1,7487.0
410,1984-03-01,28.6,20.7,36.1,3.803,12.5,1017.3,7869.0
411,1984-04-01,,37.4,56.3,2.291,10.9,,12557.0
412,1984-05-01,54.5,44.8,63.1,5.957,10.5,1015.8,14042.0
413,1984-06-01,70.2,59.2,79.9,3.402,9.6,1016.2,20864.0
414,1984-07-01,69.4,57.9,79.5,3.35,7.7,1016.8,21276.0
415,1984-08-01,70.9,61.3,79.7,5.516,7.1,1016.8,16049.0
416,1984-09-01,61.0,51.6,70.5,2.437,8.8,1020.6,13327.0
417,1984-10-01,56.8,47.8,64.6,2.205,7.0,1021.7,6997.0
418,1984-11-01,40.6,32.7,49.1,3.949,11.4,1020.4,6496.0
419,1984-12-01,36.5,28.0,44.8,3.39,11.7,1020.4,5638.0
420,1985-01-01,21.4,15.1,26.4,1.783,12.5,1015.7,3457.0
421,1985-02-01,25.7,16.9,33.6,2.606,12.4,1020.9,6860.0
422,1985-03-01,40.1,30.6,50.0,4.972,12.9,1018.1,11528.0
423,1985-04-01,,42.6,64.8,1.386,11.4,,16123.0
424,1985-05-01,61.2,48.7,72.0,3.453,10.2,1013.5,17365.0
425,1985-06-01,63.9,52.2,73.2,2.929,9.0,1014.5,17210.0
426,1985-07-01,71.8,61.3,80.8,3.228,8.2,1015.8,18278.0
427,1985-08-01,68.9,59.5,78.1,4.016,7.6,1019.0,14623.0
428,1985-09-01,64.9,54.9,75.0,2.051,7.8,1021.0,15712.0
429,1985-10-01,54.1,44.8,63.1,3.453,8.8,1020.8,10030.0
430,1985-11-01,45.7,39.7,52.3,8.795,11.0,1018.7,2438.0
431,1985-12-01,24.4,17.6,31.1,2.626,12.7,1017.7,3684.0
432,1986-01-01,26.6,19.9,33.3,2.24,12.1,1019.2,5687.0
433,1986-02-01,28.0,22.3,35.2,3.087,9.9,1016.0,3963.0
434,1986-03-01,39.7,29.3,49.8,2.445,12.7,1018.4,8850.0
435,1986-04-01,51.6,39.0,60.6,3.902,9.6,1015.1,13927.0
436,1986-05-01,61.3,50.9,70.5,4.346,9.1,1015.9,14611.0
437,1986-06-01,67.8,57.0,77.5,2.976,8.9,1015.6,15647.0
438,1986-07-01,73.8,63.7,82.6,3.106,8.1,1016.3,20793.0
439,1986-08-01,69.1,59.0,78.8,3.583,8.3,1018.3,17061.0
440,1986-09-01,66.9,57.6,76.5,6.413,9.2,1019.0,10389.0
441,1986-10-01,54.1,46.0,62.6,2.831,9.2,1020.5,9132.0
442,1986-11-01,40.5,33.4,47.1,3.012,10.1,1022.2,6539.0
443,1986-12-01,32.5,27.1,37.9,2.831,9.1,1022.5,3173.0
444,1987-01-01,27.9,21.0,33.8,1.98,9.8,1016.4,4293.0
445,1987-02-01,30.6,22.3,38.5,0.492,9.1,1021.3,8211.0
446,1987-03-01,39.0,29.1,48.9,3.843,10.2,1019.4,14036.0
447,1987-04-01,48.9,39.9,58.3,2.972,10.3,1014.1,12562.0
448,1987-05-01,63.0,51.6,74.1,2.402,8.5,1019.3,16770.0
449,1987-06-01,70.3,60.1,80.2,7.945,8.5,1015.2,17404.0
450,1987-07-01,75.4,65.8,84.6,3.362,7.9,1017.2,18592.0
451,1987-08-01,70.9,62.1,79.5,5.512,8.1,1017.3,14610.0
452,1987-09-01,63.5,54.1,72.9,2.067,6.6,1016.5,10212.0
453,1987-10-01,47.5,37.9,57.2,3.417,8.3,1020.4,9037.0
454,1987-11-01,45.9,38.5,53.8,1.024,11.3,1020.6,6860.0
455,1987-12-01,34.9,29.3,40.1,2.957,11.4,1017.2,2560.0
456,1988-01-01,25.9,17.4,33.8,1.031,11.8,1023.3,5819.0
457,1988-02-01,26.1,17.2,34.3,2.843,11.9,1019.0,5634.0
458,1988-03-01,37.8,28.2,46.6,2.205,11.1,1018.5,12363.0
459,1988-04-01,47.7,38.1,57.7,3.476,11.1,1012.0,14458.0
460,1988-05-01,60.4,48.0,71.2,1.331,9.1,1016.5,18619.0
461,1988-06-01,70.0,56.5,81.1,0.654,9.4,1017.2,22884.0
462,1988-07-01,76.3,64.0,87.8,3.421,7.1,1017.4,20281.0
463,1988-08-01,74.1,64.0,84.4,3.346,7.3,1016.6,17210.0
464,1988-09-01,64.2,54.0,73.9,1.776,8.8,1018.8,13046.0
465,1988-10-01,47.5,38.7,55.6,2.508,10.7,1018.7,7927.0
466,1988-11-01,44.1,35.8,51.8,4.634,12.2,1015.0,5394.0
467,1988-12-01,31.3,23.7,38.7,2.484,11.7,1020.9,6360.0
468,1989-01-01,34.9,26.4,43.5,2.067,11.7,1020.1,8861.0
469,1989-02-01,26.1,19.9,32.2,1.736,10.6,1024.1,8853.0
470,1989-03-01,37.6,27.3,48.9,3.465,10.5,1021.1,11460.0
471,1989-04-01,45.3,35.6,54.7,3.732,9.1,1017.0,11648.0
472,1989-05-01,57.7,48.6,66.4,9.142,9.4,1015.6,10082.0
473,1989-06-01,68.0,59.0,77.5,5.22,7.1,1016.2,12436.0
474,1989-07-01,73.0,64.2,82.6,3.031,6.3,1018.3,15423.0
475,1989-08-01,71.1,61.2,80.8,1.22,7.8,1017.2,15764.0
476,1989-09-01,63.9,55.0,72.9,4.803,8.3,1020.3,12164.0
477,1989-10-01,53.8,43.3,64.4,3.622,9.1,1019.5,11421.0
478,1989-11-01,40.8,32.4,49.5,3.11,11.4,1014.9,5384.0
479,1989-12-01,19.8,11.7,26.6,1.614,9.8,1020.3,4912.0
480,1990-01-01,36.1,28.6,43.0,2.48,12.4,1016.6,6956.0
481,1990-02-01,34.3,25.7,42.6,4.764,11.2,1020.4,8034.0
482,1990-03-01,41.9,33.3,50.7,0.827,10.3,1023.1,9564.0
483,1990-04-01,49.3,38.8,60.1,4.803,9.8,1017.4,11365.0
484,1990-05-01,56.7,46.6,66.0,6.26,10.1,1014.9,11718.0
485,1990-06-01,68.2,57.7,77.4,1.85,9.7,1014.9,12523.0
486,1990-07-01,71.6,62.2,80.2,5.433,8.8,1018.0,14121.0
487,1990-08-01,70.2,61.2,78.4,6.024,6.6,1018.7,12382.0
488,1990-09-01,64.0,54.7,72.1,8.937,7.8,1017.5,11435.0
489,1990-10-01,55.0,43.9,63.5,5.906,9.9,1018.1,9650.0
490,1990-11-01,45.9,36.3,54.3,2.441,9.8,1019.5,6646.0
491,1990-12-01,37.0,27.1,44.1,7.598,11.0,1020.6,
492,1991-01-01,28.2,20.1,34.3,2.193,10.1,1021.7,5036.0
493,1991-02-01,32.7,25.3,40.1,2.311,8.8,1018.5,6098.0
494,1991-03-01,41.5,32.2,49.1,4.016,11.7,1013.0,10300.0
495,1991-04-01,52.7,43.7,61.5,5.512,9.2,1017.7,9855.0
496,1991-05-01,67.5,56.5,77.4,3.24,8.5,1018.5,16998.0
497,1991-06-01,71.8,60.6,81.5,1.614,7.8,1018.0,23094.0
498,1991-07-01,75.4,64.0,85.3,2.047,8.3,1016.0,22611.0
499,1991-08-01,72.7,62.1,83.1,3.189,7.9,1018.5,17640.0
500,1991-09-01,65.7,54.3,74.5,3.465,8.5,1020.8,16565.0
501,1991-10-01,55.6,46.0,65.3,2.657,10.1,1019.1,11056.0
502,1991-11-01,41.2,33.3,47.3,3.661,11.9,1021.5,3926.0
503,1991-12-01,35.1,27.5,42.1,2.26,11.6,1021.9,4302.0
504,1992-01-01,30.7,23.7,36.5,3.701,10.3,1017.5,2554.0
505,1992-02-01,34.2,25.7,39.7,2.362,9.5,1018.0,3986.0
506,1992-03-01,37.4,27.5,45.7,3.543,8.3,1016.3,9702.0
507,1992-04-01,49.3,38.7,57.2,3.772,6.3,1016.6,10915.0
508,1992-05-01,59.2,46.9,68.7,3.008,6.9,1019.8,18134.0
509,1992-06-01,64.2,54.0,74.1,1.969,7.6,1014.6,17556.0
510,1992-07-01,71.4,62.2,79.2,10.394,8.5,1014.9,12844.0
511,1992-08-01,67.8,58.3,77.0,4.488,8.1,1019.6,16497.0
512,1992-09-01,64.8,53.6,73.0,1.929,9.0,1021.0,15195.0
513,1992-10-01,50.5,39.9,59.7,2.52,9.4,1019.5,11340.0
514,1992-11-01,43.0,36.1,47.8,6.85,10.9,1019.5,3630.0
515,1992-12-01,34.2,28.0,40.1,4.764,11.2,1021.2,4462.0
516,1993-01-01,33.1,26.1,38.5,5.118,11.2,1023.1,3694.0
517,1993-02-01,25.9,17.6,33.4,2.48,10.5,1021.4,6660.0
518,1993-03-01,33.4,27.0,40.3,3.898,10.4,1019.2,7349.0
519,1993-04-01,48.9,37.6,57.6,2.953,10.4,1014.7,8483.0
520,1993-05-01,60.1,48.0,70.3,1.693,9.6,1016.2,18845.0
521,1993-06-01,68.0,58.5,77.2,5.472,9.4,1016.9,17431.0
522,1993-07-01,75.0,65.3,84.6,2.52,8.4,1016.3,19183.0
523,1993-08-01,73.4,62.8,83.5,1.85,7.3,1017.8,18717.0
524,1993-09-01,63.1,53.8,70.5,6.654,8.3,1017.7,9577.0
525,1993-10-01,52.5,41.0,61.7,3.583,10.0,1018.1,11493.0
526,1993-11-01,41.9,34.2,49.3,4.528,10.7,1021.2,5048.0
527,1993-12-01,31.5,24.6,36.3,2.126,10.8,1018.4,1749.0
528,1994-01-01,19.8,11.5,27.0,2.598,11.8,1023.1,3850.0
529,1994-02-01,25.9,17.2,35.6,0.866,11.2,1023.1,7164.0
530,1994-03-01,36.0,28.0,44.6,1.378,9.9,1016.1,11487.0
531,1994-04-01,51.1,38.8,62.1,3.858,12.1,1017.5,
532,1994-05-01,55.6,43.3,66.0,1.457,9.6,1017.2,15692.0
533,1994-06-01,70.0,58.6,80.8,3.78,8.8,1014.6,
534,1994-07-01,73.2,63.9,82.8,2.638,8.6,1016.9,
535,1994-08-01,69.1,60.3,78.4,5.118,8.4,1018.4,15247.0
536,1994-09-01,64.4,53.4,74.3,2.244,8.3,1019.0,16925.0
537,1994-10-01,54.7,44.4,64.6,1.417,8.3,1020.5,13240.0
538,1994-11-01,48.2,38.7,57.0,3.307,12.0,1020.0,8063.0
539,1994-12-01,37.4,29.7,44.2,3.346,8.8,1024.1,5254.0
540,1995-01-01,30.6,23.4,36.9,5.945,11.1,1017.4,4607.0
541,1995-02-01,27.1,18.5,35.4,1.969,10.3,1017.9,7499.0
542,1995-03-01,41.7,29.7,50.4,2.008,9.1,1021.6,10704.0
543,1995-04-01,47.8,36.7,56.5,4.173,10.8,1015.2,8558.0
544,1995-05-01,60.3,49.6,69.1,4.291,9.8,1015.3,13010.0
545,1995-06-01,71.4,61.9,81.0,3.858,7.8,1015.9,17078.0
546,1995-07-01,75.6,65.8,85.1,4.094,8.3,1015.6,19199.0
547,1995-08-01,77.9,68.7,86.7,3.228,7.1,1017.1,17397.0
548,1995-09-01,64.2,52.5,73.9,1.063,8.3,1020.1,14186.0
549,1995-10-01,57.6,46.9,65.7,4.094,10.5,1015.6,9751.0
550,1995-11-01,38.7,31.8,45.1,3.976,12.2,1016.8,3098.0
551,1995-12-01,26.4,19.8,32.4,0.906,11.2,1019.7,3387.0
552,1996-01-01,26.1,18.7,33.1,1.693,12.9,1017.3,3972.0
553,1996-02-01,28.8,20.3,35.1,1.575,11.5,1015.8,4241.0
554,1996-03-01,31.6,21.9,39.7,1.969,11.4,1017.9,9924.0
555,1996-04-01,46.4,36.1,56.5,4.449,11.6,1012.6,11306.0
556,1996-05-01,57.4,48.2,65.3,1.969,9.8,1017.2,13494.0
557,1996-06-01,69.3,60.3,78.3,3.74,7.9,1015.2,16402.0
558,1996-07-01,70.5,60.3,79.0,2.835,8.6,1014.6,19211.0
559,1996-08-01,71.4,60.6,81.0,1.378,6.2,1019.9,19054.0
560,1996-09-01,64.0,56.7,71.2,11.102,9.4,1014.2,9844.0
561,1996-10-01,54.1,45.5,62.6,4.173,10.5,1017.7,12048.0
562,1996-11-01,36.5,30.6,42.1,4.213,9.8,1023.1,
563,1996-12-01,34.9,28.2,41.2,1.417,10.6,1017.4,3231.0
564,1997-01-01,25.3,17.1,34.2,1.811,13.2,1016.9,4357.0
565,1997-02-01,34.3,27.5,41.4,2.992,11.6,1021.8,3793.0
566,1997-03-01,39.0,30.0,47.5,3.11,12.6,1017.4,8254.0
567,1997-04-01,45.7,35.6,54.9,2.126,9.4,1015.5,15194.0
568,1997-05-01,53.2,43.5,62.2,3.78,11.6,1014.2,
569,1997-06-01,68.5,58.8,77.5,3.543,8.5,1015.0,20467.0
570,1997-07-01,71.4,61.2,80.1,1.496,7.8,1016.7,22113.0
571,1997-08-01,67.8,58.8,76.3,5.26,7.7,1017.0,15710.0
572,1997-09-01,63.0,54.0,71.2,4.256,8.6,1016.4,14956.0
573,1997-10-01,53.2,43.9,62.2,1.63,8.9,1019.3,11511.0
574,1997-11-01,39.6,33.4,44.4,2.587,10.3,1015.2,3520.0
575,1997-12-01,33.6,28.2,38.5,2.417,9.8,1014.5,2367.0
576,1998-01-01,35.2,29.3,41.0,3.929,9.8,1017.6,2593.0
577,1998-02-01,37.2,31.1,44.1,1.89,9.6,1014.9,
578,1998-03-01,41.4,34.2,48.0,3.26,12.1,1016.1,5581.0
579,1998-04-01,49.5,39.9,58.6,6.063,9.5,1014.2,
580,1998-05-01,64.6,54.7,73.9,1.925,8.1,1012.6,
581,1998-06-01,68.7,60.1,76.8,2.98,8.5,1011.9,
582,1998-07-01,71.6,61.7,81.0,2.72,7.6,1016.0,18107.0
583,1998-08-01,72.3,62.8,81.3,3.02,7.1,1018.1,
584,1998-09-01,67.3,57.0,77.0,1.201,8.1,1015.1,12434.0
585,1998-10-01,53.8,44.4,62.6,2.362,8.3,1021.9,11008.0
586,1998-11-01,45.1,37.8,52.0,1.594,10.9,1018.8,5575.0
587,1998-12-01,37.2,29.5,44.4,1.925,10.1,1021.5,7746.0
588,1999-01-01,27.3,19.0,35.1,3.638,12.2,1020.3,5246.0
589,1999-02-01,34.9,27.3,42.1,2.358,11.0,1018.5,6726.0
590,1999-03-01,34.7,25.9,42.6,1.646,11.5,1020.0,13567.0
591,1999-04-01,50.5,40.8,59.7,3.89,10.6,1014.7,
592,1999-05-01,61.3,50.0,72.0,1.547,9.1,1016.3,
593,1999-06-01,70.3,59.9,80.4,1.433,8.5,1017.3,
594,1999-07-01,76.5,66.0,86.4,4.665,8.4,1016.0,20912.0
595,1999-08-01,69.4,60.6,77.5,1.803,8.3,1015.9,
596,1999-09-01,65.1,54.0,76.1,1.941,8.1,1016.3,15667.0
597,1999-10-01,52.7,43.0,61.9,3.059,9.8,1019.9,
598,1999-11-01,46.0,37.0,54.7,3.311,10.6,1020.6,10317.0
599,1999-12-01,34.0,27.1,40.3,2.709,10.9,1019.5,
600,2000-01-01,27.0,18.9,34.3,2.642,11.4,1020.5,6016.0
601,2000-02-01,34.5,26.2,42.3,2.059,10.4,1020.6,8168.0
602,2000-03-01,43.3,33.4,52.9,1.575,10.7,1017.9,12064.0
603,2000-04-01,47.3,38.1,55.8,3.732,8.9,1014.7,13251.0
604,2000-05-01,61.7,52.0,71.1,5.465,9.6,1013.7,
605,2000-06-01,68.9,59.5,77.5,5.724,9.3,1016.1,19824.0
606,2000-07-01,68.4,59.2,76.8,2.579,7.5,1016.0,21622.0
607,2000-08-01,69.1,60.1,77.7,4.724,7.7,1017.3,18696.0
608,2000-09-01,63.3,54.0,72.3,3.295,9.5,1017.6,
609,2000-10-01,55.0,45.5,63.9,3.567,7.5,1022.6,
610,2000-11-01,39.9,33.3,46.4,2.551,10.1,1017.0,
611,2000-12-01,22.3,15.8,28.8,2.764,11.1,1022.2,
612,2001-01-01,27.9,22.5,32.9,1.594,9.9,1019.5,
613,2001-02-01,32.4,25.0,39.2,1.638,11.4,1022.6,
614,2001-03-01,34.2,27.5,40.5,2.425,10.3,1015.5,
615,2001-04-01,51.6,40.6,62.1,2.331,10.2,1018.1,
616,2001-05-01,60.3,50.5,69.6,3.839,8.9,1015.8,
617,2001-06-01,68.2,58.5,77.5,3.957,7.3,1017.0,
618,2001-07-01,72.1,62.1,81.7,0.685,8.2,1016.3,22657.0
619,2001-08-01,72.7,63.7,81.5,3.315,7.6,1016.4,19925.0
620,2001-09-01,61.5,52.2,70.7,3.898,8.6,1018.2,
621,2001-10-01,54.7,46.8,62.1,5.563,11.7,1018.6,
622,2001-11-01,48.9,40.3,57.4,2.618,10.0,1021.3,10383.0
623,2001-12-01,37.4,30.9,43.2,2.535,10.6,1017.7,6135.0
624,2002-01-01,34.9,28.0,41.2,2.209,11.0,1016.3,7411.0
625,2002-02-01,34.2,25.7,42.3,2.433,12.2,1018.8,8651.0
626,2002-03-01,37.8,28.6,46.2,4.134,11.7,1019.2,9984.0
627,2002-04-01,50.7,41.7,59.2,3.673,10.2,1018.9,11882.0
628,2002-05-01,55.9,45.1,65.8,5.783,9.6,1017.6,
629,2002-06-01,70.7,60.3,80.4,0.921,8.1,1016.0,19185.0
630,2002-07-01,75.6,66.0,85.1,2.874,8.3,1017.0,21136.0
631,2002-08-01,73.9,64.2,83.1,2.004,8.1,1019.1,18706.0
632,2002-09-01,68.9,58.1,79.3,3.5,7.8,1018.1,16951.0
633,2002-10-01,52.0,44.1,59.5,1.52,8.5,1019.0,7867.0
634,2002-11-01,41.5,36.0,46.8,3.65,11.4,1015.3,
635,2002-12-01,30.9,25.2,36.3,3.713,11.3,1017.6,3726.0
636,2003-01-01,21.4,15.4,27.0,1.98,11.6,1019.3,5136.0
637,2003-02-01,24.8,17.6,31.5,2.748,11.0,1018.1,
638,2003-03-01,39.0,28.4,48.9,2.335,9.6,1015.1,
639,2003-04-01,49.1,38.7,59.0,2.469,10.9,1015.8,0.0
640,2003-05-01,58.1,48.9,66.7,6.496,9.7,1014.0,9819.0
641,2003-06-01,67.1,57.9,75.7,3.165,8.1,1014.7,14197.0
642,2003-07-01,72.7,63.5,81.5,4.886,7.8,1015.2,17238.0
643,2003-08-01,73.4,64.0,82.2,1.961,7.1,1017.6,16779.0
644,2003-09-01,64.0,54.9,72.5,6.024,8.3,1018.2,12695.0
645,2003-10-01,51.4,42.4,60.1,2.862,8.8,1016.3,
646,2003-11-01,48.0,39.9,55.6,3.583,10.9,1018.2,5783.0
647,2003-12-01,33.8,28.2,38.8,4.008,11.4,1018.9,0.0
648,2004-01-01,21.9,14.4,28.9,2.693,11.6,1019.4,3129.0
649,2004-02-01,30.0,22.3,37.2,0.768,9.4,1023.3,9027.0
650,2004-03-01,40.6,33.4,47.3,4.823,10.4,1020.1,6788.0
651,2004-04-01,49.3,40.6,57.2,3.74,11.2,1015.7,10744.0
652,2004-05-01,62.4,51.3,73.0,5.902,9.4,1016.3,14383.0
653,2004-06-01,67.1,57.6,75.9,2.882,8.5,1017.1,16222.0
654,2004-07-01,71.6,63.3,79.5,2.882,8.5,1014.2,
655,2004-08-01,68.4,59.5,76.6,2.465,7.8,1017.1,0.0
656,2004-09-01,66.2,56.3,75.4,3.22,7.9,1021.0,12879.0
657,2004-10-01,53.8,44.8,62.4,2.339,8.6,1016.6,10454.0
658,2004-11-01,44.6,37.2,51.8,3.248,9.4,1020.9,5884.0
659,2004-12-01,31.3,23.9,38.1,4.472,11.5,1017.8,5350.0
660,2005-01-01,27.7,20.7,34.2,5.894,10.1,1023.3,4874.0
661,2005-02-01,31.1,24.4,37.4,2.075,8.9,1020.7,5896.0
662,2005-03-01,32.7,25.2,39.9,1.654,9.9,1012.8,8804.0
663,2005-04-01,49.1,38.8,58.5,5.579,10.8,1013.4,13249.0
664,2005-05-01,55.4,45.1,65.3,1.437,8.5,1016.0,13968.0
665,2005-06-01,73.9,63.9,83.7,1.642,8.5,1015.0,17611.0
666,2005-07-01,75.4,65.8,84.6,3.24,7.6,1016.2,16583.0
667,2005-08-01,74.1,65.1,82.9,7.61,7.8,1016.2,14953.0
668,2005-09-01,67.3,57.4,77.0,3.551,7.6,1019.2,16071.0
669,2005-10-01,54.5,46.9,61.9,2.539,8.5,1018.6,8119.0
670,2005-11-01,44.8,36.1,53.1,2.657,13.0,1016.1,
671,2005-12-01,27.5,22.1,32.5,2.039,10.9,1016.9,4358.0
672,2006-01-01,37.8,32.4,44.8,1.917,11.8,1014.5,4542.0
673,2006-02-01,30.2,24.1,36.9,2.803,11.9,1016.6,5820.0
674,2006-03-01,37.9,30.6,44.6,1.543,10.3,1019.5,8716.0
675,2006-04-01,52.2,41.4,61.5,2.457,10.1,1014.8,13464.0
676,2006-05-01,59.0,49.6,68.0,4.543,8.6,1012.1,
677,2006-06-01,66.7,56.7,75.6,4.843,7.3,1015.9,
678,2006-07-01,74.3,65.7,82.8,4.465,8.0,1016.4,
679,2006-08-01,72.9,63.7,81.3,2.213,7.9,1016.4,
680,2006-09-01,62.1,54.3,70.2,3.146,8.6,1015.7,
681,2006-10-01,50.2,42.3,58.1,5.831,10.8,1015.3,
682,2006-11-01,44.8,37.2,52.5,3.402,8.3,1019.8,
683,2006-12-01,38.3,32.0,44.8,3.52,11.1,1021.7,
684,2007-01-01,31.5,24.4,37.8,5.846,11.7,1018.6,
685,2007-02-01,17.6,12.0,25.5,1.413,11.9,1017.5,
686,2007-03-01,40.6,31.3,48.9,3.709,11.6,1020.6,
687,2007-04-01,46.4,38.1,54.9,3.528,12.3,1013.7,
688,2007-05-01,62.4,51.1,72.9,0.661,8.2,1020.2,17884.0
689,2007-06-01,70.3,59.0,80.2,1.665,7.5,1015.5,19299.0
690,2007-07-01,71.4,61.2,80.6,2.567,7.6,1015.4,
691,2007-08-01,73.0,64.8,80.8,9.035,6.5,1015.7,
692,2007-09-01,66.9,56.8,76.6,2.122,6.6,1019.9,
693,2007-10-01,59.9,51.8,68.5,2.654,8.6,1017.9,
694,2007-11-01,41.2,34.0,48.7,4.075,9.8,1018.5,
695,2007-12-01,31.3,27.5,37.8,4.201,10.1,1019.3,
696,2008-01-01,28.4,22.8,37.4,3.315,12.4,1019.9,
697,2008-02-01,27.1,19.6,34.9,5.543,10.6,1015.9,4752.0
698,2008-03-01,33.3,26.4,40.6,5.472,10.9,1018.5,
699,2008-04-01,52.9,42.1,62.6,2.213,9.1,1016.9,
700,2008-05-01,55.4,47.1,65.5,4.177,9.3,1011.8,14054.0
701,2008-06-01,71.1,62.1,79.7,5.213,8.6,1013.9,
702,2008-07-01,73.9,64.2,82.8,3.028,7.5,1014.6,20462.0
703,2008-08-01,71.4,61.7,80.4,1.437,7.9,1015.3,18202.0
704,2008-09-01,66.2,56.8,75.6,3.791,7.3,1019.4,14429.0
705,2008-10-01,52.0,42.1,61.0,2.598,8.9,1021.9,11001.0
706,2008-11-01,40.1,33.8,46.6,3.976,9.8,1017.2,5742.0
707,2008-12-01,30.4,23.0,38.8,3.772,12.8,1018.8,2705.0
708,2009-01-01,18.1,12.2,26.6,2.665,9.8,1017.5,
709,2009-02-01,29.3,23.0,38.1,2.728,11.6,1019.0,7159.0
710,2009-03-01,40.3,28.9,50.4,3.343,9.9,1020.8,
711,2009-04-01,50.9,41.4,60.1,3.079,10.9,1014.3,12230.0
712,2009-05-01,60.8,49.6,70.3,2.35,8.5,1016.5,17917.0
713,2009-06-01,68.5,59.0,77.2,2.685,7.1,1011.7,17058.0
714,2009-07-01,70.3,61.5,78.4,3.756,7.2,1014.0,17486.0
715,2009-08-01,72.5,64.2,80.8,3.524,7.6,1016.7,15784.0
716,2009-09-01,65.8,57.0,73.8,3.846,7.6,1018.9,14138.0
717,2009-10-01,52.2,45.0,59.7,3.661,8.9,1016.5,6985.0
718,2009-11-01,47.8,40.5,54.9,1.453,8.7,1019.8,
719,2009-12-01,31.8,25.5,37.8,2.717,10.5,1018.5,
720,2010-01-01,27.5,22.3,32.0,1.693,10.2,1019.2,
721,2010-02-01,28.2,23.2,33.6,2.717,8.3,1015.1,
722,2010-03-01,42.3,33.4,51.1,1.811,8.6,1015.5,
723,2010-04-01,56.1,45.1,66.7,2.008,9.6,1015.1,
724,2010-05-01,64.9,55.8,73.9,4.055,8.9,1016.2,
725,2010-06-01,72.5,63.7,81.1,4.37,8.3,1013.9,
726,2010-07-01,75.9,66.0,85.6,3.583,6.9,1016.1,
727,2010-08-01,74.8,65.8,83.8,3.701,6.3,1015.6,
728,2010-09-01,66.2,57.4,75.2,2.953,9.4,1015.6,
729,2010-10-01,54.9,45.5,63.1,2.598,8.8,1015.5,
730,2010-11-01,43.2,33.4,53.1,4.606,8.8,1019.5,
731,2010-12-01,26.6,21.9,30.7,1.339,11.5,1017.9,
732,2011-01-01,23.7,17.4,28.8,1.929,9.2,1017.8,
733,2011-02-01,29.1,21.2,36.9,5.236,11.6,1018.0,
734,2011-03-01,36.5,29.1,43.5,3.583,10.3,1020.8,
735,2011-04-01,50.0,41.0,59.0,6.89,11.7,1012.2,
736,2011-05-01,61.7,52.7,70.9,7.756,8.3,1014.1,
737,2011-06-01,70.0,60.6,79.3,2.913,8.3,1014.2,
738,2011-07-01,77.5,67.8,87.3,7.48,6.8,1014.8,
739,2011-08-01,72.1,63.1,81.1,5.945,6.9,1013.0,
740,2011-09-01,65.7,58.5,72.7,8.307,7.8,1015.9,
741,2011-10-01,54.1,45.7,61.9,5.827,8.3,1016.1,
742,2011-11-01,48.4,40.1,55.8,4.528,11.4,1017.9,
743,2011-12-01,37.2,31.5,43.5,4.961,9.3,1021.5,
744,2012-01-01,32.5,25.5,39.4,3.228,11.8,1016.2,
745,2012-02-01,35.1,28.2,41.4,2.244,9.7,1019.4,
746,2012-03-01,52.0,41.5,61.3,3.898,10.3,1018.4,
747,2012-04-01,48.9,38.8,58.8,1.969,9.8,1016.5,
748,2012-05-01,64.9,54.1,75.9,1.457,7.4,1017.1,
749,2012-06-01,71.4,60.8,81.9,2.047,9.1,1014.7,
750,2012-07-01,77.9,68.7,87.3,4.331,8.0,1015.2,
751,2012-08-01,72.1,61.7,82.6,2.835,6.5,1015.8,
752,2012-09-01,63.0,53.8,72.0,7.559,6.6,1017.2,
753,2012-10-01,54.1,45.5,60.4,10.394,11.2,1014.9,
754,2012-11-01,40.5,32.4,48.4,0.748,7.2,1023.3,
755,2012-12-01,38.3,31.8,43.7,3.937,9.3,1016.5,
756,2013-01-01,30.6,23.5,37.2,2.165,11.5,1020.9,
757,2013-02-01,28.2,21.2,34.5,2.283,11.4,1016.9,
758,2013-03-01,33.3,27.7,39.9,2.244,10.9,1017.2,
759,2013-04-01,48.4,38.1,59.5,3.504,10.9,1018.3,
760,2013-05-01,62.1,53.2,73.6,2.362,10.1,1017.1,
761,2013-06-01,68.7,60.6,77.0,7.913,8.5,1014.0,
762,2013-07-01,75.0,65.8,81.9,4.921,7.7,1017.7,
763,2013-08-01,70.5,62.1,80.1,2.795,7.0,1017.9,
764,2013-09-01,65.5,55.8,74.3,1.969,8.1,1017.7,
765,2013-10-01,55.8,46.4,64.9,4.685,8.5,1018.0,
766,2013-11-01,40.3,33.3,47.1,2.874,12.1,1022.9,
767,2013-12-01,32.2,25.5,38.7,4.094,10.8,1020.0,
768,2014-01-01,21.9,13.6,29.7,2.008,13.2,1017.4,
769,2014-02-01,22.6,14.2,30.9,3.031,10.5,1019.8,
770,2014-03-01,32.2,23.2,41.4,2.205,11.4,1019.2,
771,2014-04-01,50.9,41.0,60.6,4.961,11.1,1015.9,
772,2014-05-01,60.8,51.3,70.5,4.213,8.6,1017.0,
773,2014-06-01,70.2,61.0,79.3,6.26,8.0,1015.5,
774,2014-07-01,69.4,60.6,77.9,3.976,8.2,1015.7,
775,2014-08-01,70.5,61.7,79.2,4.606,7.4,1016.6,
776,2014-09-01,63.5,53.1,72.9,4.488,7.1,1019.7,
777,2014-10-01,53.4,45.3,61.5,2.835,9.4,1014.1,
778,2014-11-01,37.0,30.2,43.9,3.661,12.4,1018.4,
779,2014-12-01,35.6,30.2,40.6,1.969,10.3,1022.5,
780,2015-01-01,23.2,15.8,30.6,2.937,11.4,,
781,2015-02-01,15.3,5.4,23.5,1.866,10.2,,
782,2015-03-01,33.8,25.2,42.6,1.976,9.9,,
783,2015-04-01,49.8,39.9,59.5,2.772,10.4,,
784,2015-05-01,64.4,53.6,74.7,4.098,8.7,,
785,2015-06-01,68.5,60.6,76.8,8.52,8.8,,
786,2015-07-01,72.0,61.9,80.8,2.732,7.2,,
787,2015-08-01,71.1,61.0,80.2,2.846,7.8,,
788,2015-09-01,68.9,59.5,77.9,4.909,8.1,,
789,2015-10-01,54.7,45.9,63.3,2.173,10.6,,
790,2015-11-01,48.6,39.4,57.0,2.319,10.5,,
791,2015-12-01,43.7,36.5,51.3,2.957,10.6,,
792,2016-01-01,28.2,20.7,35.6,1.378,12.0,,
793,2016-02-01,32.7,24.1,40.6,3.228,11.8,,
794,2016-03-01,44.4,35.8,53.8,4.177,10.3,,
795,2016-04-01,47.5,37.2,57.7,3.866,10.2,,
796,2016-05-01,61.0,50.5,70.5,3.319,8.1,,
797,2016-06-01,72.5,61.9,82.0,2.122,8.6,,
798,2016-07-01,77.2,66.9,86.5,1.827,7.5,,
799,2016-08-01,77.7,68.5,87.1,3.508,7.8,,
800,2016-09-01,70.5,61.0,80.1,5.386,7.7,,
801,2016-10-01,59.4,50.5,67.8,2.961,9.6,,
802,2016-11-01,48.7,39.7,57.7,2.114,9.9,,
803,2016-12-01,32.4,27.1,37.8,2.65,12.1,,
804,2017-01-01,34.7,28.4,41.4,4.791,10.8,,
805,2017-02-01,40.8,32.5,50.2,2.689,11.3,,
806,2017-03-01,39.7,31.8,47.1,4.024,11.9,,
807,2017-04-01,57.0,46.6,68.2,4.496,10.8,,
808,2017-05-01,60.6,51.8,68.7,6.094,10.2,,
809,2017-06-01,72.3,62.6,81.9,5.85,9.4,,
810,2017-07-01,75.4,66.7,83.5,2.472,7.7,,
811,2017-08-01,72.7,62.8,82.2,1.252,7.5,1017.0,
812,2017-09-01,68.7,58.3,79.7,0.811,7.1,,
813,2017-10-01,59.4,50.2,68.5,3.685,9.1,,
814,2017-11-01,43.3,35.8,51.8,5.965,10.4,,
815,2017-12-01,29.1,22.3,35.4,1.736,10.4,,
816,2018-01-01,26.8,19.0,35.1,2.283,12.0,,
817,2018-02-01,35.8,28.0,44.1,3.252,10.4,,
818,2018-03-01,34.5,27.5,41.4,4.004,10.7,,
819,2018-04-01,43.2,34.2,53.2,4.378,9.9,,
820,2018-05-01,66.7,56.5,77.4,5.72,8.5,,
821,2018-06-01,71.4,62.8,79.7,3.835,8.5,,
822,2018-07-01,75.6,66.7,84.4,6.689,7.1,,
823,2018-08-01,75.4,67.3,83.8,4.902,7.9,1017.0,
824,2018-09-01,70.7,62.6,78.8,4.343,8.0,1020.1,
825,2018-10-01,55.6,47.7,63.0,3.776,9.8,1018.0,
826,2018-11-01,38.3,33.6,42.6,5.472,10.0,1019.1,
827,2018-12-01,36.5,31.1,43.0,2.85,9.5,1019.3,
828,2019-01-01,28.0,20.8,34.9,3.189,12.2,1020.0,
829,2019-02-01,32.9,24.8,40.8,2.48,11.5,1020.6,
830,2019-03-01,36.0,27.7,44.1,3.071,10.6,1021.2,
831,2019-04-01,52.3,43.3,61.2,4.016,10.1,1015.3,
832,2019-05-01,61.5,51.6,71.4,4.134,9.0,1014.8,
833,2019-06-01,69.1,60.4,77.5,8.071,8.1,1014.3,
834,2019-07-01,77.4,68.2,86.2,2.638,7.8,1015.9,
835,2019-08-01,73.0,64.2,81.9,3.228,7.6,1015.7,
836,2019-09-01,71.2,61.2,81.3,1.299,8.0,1018.7,
837,2019-10-01,57.6,47.5,68.4,3.307,9.4,1017.2,
838,2019-11-01,38.8,31.6,46.2,1.693,10.1,1019.7,
839,2019-12-01,38.3,30.7,45.1,2.835,10.4,1017.9,
840,2020-01-01,36.3,30.2,42.4,2.992,10.6,1020.7,
841,2020-02-01,33.1,26.1,39.9,2.323,10.7,1018.3,
842,2020-03-01,44.2,35.6,52.9,5.354,10.0,1019.7,
843,2020-04-01,46.6,36.9,56.5,3.74,10.0,1013.6,
844,2020-05-01,58.1,48.6,67.3,6.929,9.4,1017.2,
845,2020-06-01,70.0,60.1,80.1,2.362,8.6,1016.1,
846,2020-07-01,76.8,66.4,87.1,5.118,7.5,1015.1,
847,2020-08-01,71.8,62.1,81.3,5.63,7.1,1015.4,
848,2020-09-01,64.8,54.9,73.9,5.787,8.3,1019.3,
849,2020-10-01,53.4,46.0,60.4,7.283,8.9,1019.4,
850,2020-11-01,48.0,39.4,56.3,3.386,11.2,1021.4,
851,2020-12-01,34.3,28.9,39.4,3.228,10.5,1017.9,
852,2021-01-01,30.7,26.2,35.2,1.693,8.9,1019.3,
853,2021-02-01,24.1,18.1,31.5,1.378,11.3,1021.5,
854,2021-03-01,44.4,33.4,55.6,1.299,11.1,1022.2,
855,2021-04-01,50.9,41.2,60.3,3.701,9.4,1015.5,
856,2021-05-01,58.5,47.7,68.9,3.11,8.4,1020.9,
857,2021-06-01,72.0,63.5,80.8,3.78,8.5,1016.0,
858,2021-07-01,73.0,64.2,81.1,7.913,7.8,1016.9,
859,2021-08-01,74.8,65.8,83.7,7.165,6.8,1018.0,
860,2021-09-01,68.0,58.6,76.8,3.031,9.1,1016.3,
861,2021-10-01,61.0,53.1,68.4,4.882,8.3,1015.4,
862,2021-11-01,41.9,33.6,49.8,1.969,9.9,1020.6,
863,2021-12-01,40.3,33.3,47.8,2.906,10.1,1016.8,
864,2022-01-01,24.6,16.2,31.3,2.465,11.1,1020.8,
865,2022-02-01,30.4,22.1,38.5,3.067,12.4,1022.1,
866,2022-03-01,41.7,32.0,51.4,3.354,10.8,,
867,2022-04-01,48.0,40.1,55.9,3.476,10.4,1017.2,
868,2022-05-01,63.9,54.7,72.9,4.358,9.4,1016.3,
869,2022-06-01,72.0,61.3,81.1,2.555,8.6,1016.1,
870,2022-07-01,75.0,65.8,83.3,4.646,8.3,1015.6,
871,2022-08-01,73.2,64.2,81.9,5.638,7.1,1017.3,
872,2022-09-01,66.0,57.7,73.9,3.602,7.9,1018.1,
873,2022-10-01,53.6,44.2,63.5,3.343,10.1,1018.3,
874,2022-11-01,45.7,37.4,53.4,2.465,10.9,1021.0,
875,2022-12-01,34.2,28.6,40.6,1.201,10.9,1020.7,
876,2023-01-01,36.7,31.3,41.7,5.547,9.8,1017.3,
877,2023-02-01,37.0,28.9,48.2,2.843,11.1,1018.2,
878,2023-03-01,39.0,32.0,47.3,3.559,11.0,,
879,2023-04-01,52.5,41.4,63.0,2.449,9.4,1016.7,
880,2023-05-01,59.4,47.5,69.4,2.547,8.0,1018.5,
881,2023-06-01,67.6,57.4,77.0,3.992,7.9,1012.6,
882,2023-07-01,73.6,64.6,82.2,6.756,6.7,1014.4,
883,2023-08-01,70.7,62.4,79.0,6.374,7.6,1015.3,
884,2023-09-01,67.1,58.8,75.2,0.772,6.8,1019.6,
885,2023-10-01,56.7,49.5,64.4,4.913,9.1,1016.3,
886,2023-11-01,43.5,34.7,52.0,1.941,9.7,1020.9,
887,2023-12-01,41.9,36.7,47.5,3.331,8.5,1019.8,
